License & Scale (Cameron England)/2025 call recordings and masterminds/Calls/Founder Calls/AI Automation.mp4	ok
License & Scale (Cameron England)/2025 call recordings and masterminds/Calls/Founder Calls/client management and operations .mp4	ok
License & Scale (Cameron England)/2025 call recordings and masterminds/Calls/Founder Calls/retention handling client disputes.mp4	ok
License & Scale (Cameron England)/2025 call recordings and masterminds/Calls/Founder Calls/fulfillment tracking.mp4	ok
License & Scale (Cameron England)/2025 call recordings and masterminds/Calls/Founder Calls/project management.mp4	ok
License & Scale (Cameron England)/2025 call recordings and masterminds/Calls/Founder Calls/ad performance tracking.mp4	ok
License & Scale (Cameron England)/2025 call recordings and masterminds/Calls/Founder Calls/reducing churn .mp4	ok
License & Scale (Cameron England)/3.Sales/I. Live team calls/Live 1-1 interview.mp4	ok
License & Scale (Cameron England)/2025 call recordings and masterminds/Calls/Founder Calls/hiring, scorecards and pod systems.mp4	ok
License & Scale (Cameron England)/2025 call recordings and masterminds/Calls/Founder Calls/team management and client retention.mp4	ok
License & Scale (Cameron England)/5. Client success/C. Upsells,refferals,reviews/2. Upsells.mp4	ok
License & Scale (Cameron England)/2025 call recordings and masterminds/Calls/Founder Calls/Fulfillment, retention and lifetime value .mp4	ok
License & Scale (Cameron England)/2025 call recordings and masterminds/Calls/Founder Calls/agency autopilot  stepping back.mp4	ok
License & Scale (Cameron England)/2025 call recordings and masterminds/Calls/Founder Calls/optimizing agency ops .mp4	ok
License & Scale (Cameron England)/3.Sales/E. Objections/7. Closing deposits and Booking FU_s.mp4	ok
License & Scale (Cameron England)/5. Client success/A. CS Fundamentals/5. Dangling the carrot.mp4	ok
License & Scale (Cameron England)/5. Client success/E. Live Client Calls/Reset client cant close.mp4	ok
License & Scale (Cameron England)/2025 call recordings and masterminds/Calls/Founder Calls/ISA standards, hiring and qna.mp4	ok
License & Scale (Cameron England)/2025 call recordings and masterminds/Calls/Founder Calls/Leadership and team management.mp4	ok
License & Scale (Cameron England)/2025 call recordings and masterminds/Calls/Founder Calls/call center management.mp4	ok
License & Scale (Cameron England)/2025 call recordings and masterminds/Calls/Founder Calls/operations and retention strategy.mp4	ok
License & Scale (Cameron England)/3.Sales/E. Objections/2. Pacing the first objection.mp4	ok
License & Scale (Cameron England)/3.Sales/E. Objections/live financial obj training.mp4	ok
License & Scale (Cameron England)/5. Client success/E. Live Client Calls/Check in - Analytical client audit.mp4	ok
License & Scale (Cameron England)/1. Intro and Onboarding/B. Quick Wins/14.Profit stacking system.mp4	ok
License & Scale (Cameron England)/2025 call recordings and masterminds/Calls/Founder Calls/client and project management.mp4	ok
License & Scale (Cameron England)/2025 call recordings and masterminds/Calls/Founder Calls/scaling operations and mm planning.mp4	ok
License & Scale (Cameron England)/2025 call recordings and masterminds/Calls/Founder Calls/team management and b2b ads.mp4	ok
License & Scale (Cameron England)/3.Sales/D. Demo calls/1. Process variation.mp4	ok
License & Scale (Cameron England)/4. Client call center Systems/D. Team mangement/live firing call.mp4	ok
License & Scale (Cameron England)/2.Lead Generation and Nurture/C - Ad Scaling stages/3. Scale phase 2.mp4	ok
License & Scale (Cameron England)/2.Lead Generation and Nurture/E - Lead nurture and fixing constraints/5. Hammer them technical setup.mp4	ok
License & Scale (Cameron England)/2025 call recordings and masterminds/Calls/Founder Calls/refining team and systems to scale.mp4	ok
License & Scale (Cameron England)/2025 call recordings and masterminds/Calls/Founder Calls/smart upsells and retargeting that converts.mp4	ok
License & Scale (Cameron England)/3.Sales/B. Sales crash course/3. 7 steps to objectionless sales calls.mp4	FF_FAIL
License & Scale (Cameron England)/3.Sales/B. Sales crash course/7. Discovery best practices.mp4	ok
License & Scale (Cameron England)/4. Client call center Systems/A. Call center fundamentals/5. If new to call center, watch this.mp4	ok
License & Scale (Cameron England)/4. Client call center Systems/C. Hiring and onboarding/1. Who and how to hire.mp4	ok
License & Scale (Cameron England)/4. Client call center Systems/D. Team mangement/9. When and how to fire.mp4	ok
License & Scale (Cameron England)/5. Client success/E. Live Client Calls/4.Onboarding upsell.mp4	ok
License & Scale (Cameron England)/5. Client success/G. CSM Management/2. Auditing CSM_s live.mp4	ok
License & Scale (Cameron England)/7.SVD/Automated onboarding/Onb/6. Quality assurance.mp4	ok
License & Scale (Cameron England)/1. Intro and Onboarding/B. Quick Wins/4.Paid ads speedrun.mp4	ok
License & Scale (Cameron England)/1. Intro and Onboarding/C . Bonus trainings (TEMPORARY)/3. Client onboarding.mp4	ok
License & Scale (Cameron England)/1. Intro and Onboarding/C . Bonus trainings (TEMPORARY)/6. Automate image ad creation in slack.mp4	ok
License & Scale (Cameron England)/2.Lead Generation and Nurture/E - Lead nurture and fixing constraints/3.Appointwise Setter training.mp4	ok
License & Scale (Cameron England)/3.Sales/B. Sales crash course/2. Sales first principles.mp4	ok
License & Scale (Cameron England)/3.Sales/B. Sales crash course/5. Live setter call breakdown.mp4	ok
License & Scale (Cameron England)/3.Sales/H. Sales team management/9.1. Meeting cadence.mp4	ok
License & Scale (Cameron England)/4. Client call center Systems/B. Setup/4. Pulling callbacks into HP.mp4	ok
License & Scale (Cameron England)/4. Client call center Systems/C. Hiring and onboarding/4.Screening applicants.mp4	ok
License & Scale (Cameron England)/4. Client call center Systems/D. Team mangement/8. Monthly performance reviews.mp4	ok
License & Scale (Cameron England)/5. Client success/A. CS Fundamentals/2. Master CS tracking dashboard.mp4	ok
License & Scale (Cameron England)/5. Client success/B. Communication/3. Onboarding call framework.mp4	ok
License & Scale (Cameron England)/5. Client success/C. Upsells,refferals,reviews/1. Money making levers.mp4	ok
License & Scale (Cameron England)/5. Client success/E. Live Client Calls/7. Launch CSM Audit V2.mp4	ok
License & Scale (Cameron England)/5. Client success/E. Live Client Calls/Exit call client saved V2.mp4	ok
License & Scale (Cameron England)/5. Client success/F. Client success systems/4. Client call tasks automation.mp4	ok
License & Scale (Cameron England)/5. Client success/F. Client success systems/5. Giving clients extensions.mp4	ok
License & Scale (Cameron England)/5. Client success/G. CSM Management/7.CSM Full replacement process.mp4	ok
License & Scale (Cameron England)/5. Client success/H. Live CSM Team Calls/Sales call audit V2.mp4	ok
License & Scale (Cameron England)/1. Intro and Onboarding/B. Quick Wins/13.basic tracking systems.mp4	ok
License & Scale (Cameron England)/2.Lead Generation and Nurture/A - Fundamentals/4. Ad pitfalls and key tips.mp4	ok
License & Scale (Cameron England)/3.Sales/A. Sales fundamentals/3.Sales process overview.mp4	ok
License & Scale (Cameron England)/3.Sales/B. Sales crash course/4. Intro call process.mp4	ok
License & Scale (Cameron England)/3.Sales/C. Setting and lead management/1. Setting process and pipeline management.mp4	ok
License & Scale (Cameron England)/3.Sales/C. Setting and lead management/5. Transition to demo(pre-pitch).mp4	ok
License & Scale (Cameron England)/3.Sales/D. Demo calls/9.Commitment and price.mp4	ok
License & Scale (Cameron England)/3.Sales/G. Call reviews/Dental sales call review.mp4	ok
License & Scale (Cameron England)/4. Client call center Systems/B. Setup/5. Slack channel automation.mp4	ok
License & Scale (Cameron England)/4. Client call center Systems/C. Hiring and onboarding/5.group interviews.mp4	ok
License & Scale (Cameron England)/4. Client call center Systems/D. Team mangement/4. Auditing agent calls V2.mp4	ok
License & Scale (Cameron England)/4. Client call center Systems/D. Team mangement/6. Live dial session.mp4	ok
License & Scale (Cameron England)/5. Client success/B. Communication/6. Weekly client planning process.mp4	ok
License & Scale (Cameron England)/5. Client success/H. Live CSM Team Calls/Game tape - sales call audit.mp4	ok
License & Scale (Cameron England)/5. Client success/H. Live CSM Team Calls/Live group interview.mp4	ok
License & Scale (Cameron England)/7.SVD/Automated onboarding/Onb/1. Process overview.mp4	ok
License & Scale (Cameron England)/7.SVD/Fundamentals/2.The 3 main fulfillment models.mp4	ok
License & Scale (Cameron England)/1. Intro and Onboarding/B. Quick Wins/7.Pricing plays to make more $.mp4	ok
License & Scale (Cameron England)/2.Lead Generation and Nurture/F - Tracking/6.Daily ads workflow.mp4	ok
License & Scale (Cameron England)/3.Sales/C. Setting and lead management/2. Templatizing for setter efficiency.mp4	ok
License & Scale (Cameron England)/3.Sales/C. Setting and lead management/4. Collecting ammo (Discover).mp4	ok
License & Scale (Cameron England)/3.Sales/D. Demo calls/7. How to pitch.mp4	ok
License & Scale (Cameron England)/3.Sales/H. Sales team management/5. Setter onboarding and bootcamp.mp4	ok
License & Scale (Cameron England)/3.Sales/I. Live team calls/Good call review.mp4	ok
License & Scale (Cameron England)/4. Client call center Systems/B. Setup/13. Client phone spam chcker.mp4	ok
License & Scale (Cameron England)/4. Client call center Systems/B. Setup/9. AI Sales audit for CSR_s.mp4	ok
License & Scale (Cameron England)/4. Client call center Systems/C. Hiring and onboarding/A-player intreview example B.mp4	ok
License & Scale (Cameron England)/5. Client success/G. CSM Management/1. How to handoff clients to a CSM.mp4	ok
License & Scale (Cameron England)/5. Client success/G. CSM Management/4. 1-1 Meetings with CSM_s.mp4	ok
License & Scale (Cameron England)/5. Client success/H. Live CSM Team Calls/Auditing onboarding call.mp4	ok
License & Scale (Cameron England)/5. Client success/H. Live CSM Team Calls/Exit call audit - pushing hard.mp4	ok
License & Scale (Cameron England)/7.SVD/Automated onboarding/Onb/3. New client form.mp4	ok
License & Scale (Cameron England)/7.SVD/Automated onboarding/Onb/4.Onboarding form.mp4	ok
License & Scale (Cameron England)/1. Intro and Onboarding/B. Quick Wins/9.Hiring directory.mp4	ok
License & Scale (Cameron England)/1. Intro and Onboarding/C . Bonus trainings (TEMPORARY)/9.Goal setting process.mp4	ok
License & Scale (Cameron England)/2.Lead Generation and Nurture/D - Funnels/2.Funnel setup and optimization.mp4	ok
License & Scale (Cameron England)/2.Lead Generation and Nurture/E - Lead nurture and fixing constraints/7. Lead quality best practices.mp4	ok
License & Scale (Cameron England)/3.Sales/B. Sales crash course/6. Demo call process.mp4	ok
License & Scale (Cameron England)/3.Sales/B. Sales crash course/8. Example pitch.mp4	ok
License & Scale (Cameron England)/3.Sales/D. Demo calls/8. Pitch presentation methods.mp4	ok
License & Scale (Cameron England)/3.Sales/G. Call reviews/Medspa closers sales calls V3.mp4	ok
License & Scale (Cameron England)/4. Client call center Systems/C. Hiring and onboarding/6. CSR 1-1 Interviews.mp4	ok
License & Scale (Cameron England)/4. Client call center Systems/D. Team mangement/1-1 Daily meeting breakdown.mp4	ok
License & Scale (Cameron England)/5. Client success/B. Communication/5. Client check in framework.mp4	ok
License & Scale (Cameron England)/5. Client success/E. Live Client Calls/Check in campaign upsell.mp4	ok
License & Scale (Cameron England)/5. Client success/F. Client success systems/2. Offboarding and reactivating clients.mp4	ok
License & Scale (Cameron England)/2.Lead Generation and Nurture/B - Ads/8.Filming and editing ads w Cameron.mp4	ok
License & Scale (Cameron England)/3.Sales/A. Sales fundamentals/4. 2 Call close adjustments.mp4	ok
License & Scale (Cameron England)/3.Sales/E. Objections/3. Price financial.mp4	ok
License & Scale (Cameron England)/3.Sales/G. Call reviews/Live intro Call breakdown V3.mp4	ok
License & Scale (Cameron England)/3.Sales/I. Live team calls/Live intro call breakdown and review.mp4	ok
License & Scale (Cameron England)/4. Client call center Systems/C. Hiring and onboarding/Interview example.mp4	ok
License & Scale (Cameron England)/4. Client call center Systems/D. Team mangement/1. CSR Daily meetings.mp4	ok
License & Scale (Cameron England)/4. Client call center Systems/D. Team mangement/2. One on one meetings with agents.mp4	ok
License & Scale (Cameron England)/4. Client call center Systems/D. Team mangement/5. Auditing agent calls V3.mp4	ok
License & Scale (Cameron England)/4. Client call center Systems/D. Team mangement/7. Live dial session v2.mp4	ok
License & Scale (Cameron England)/4. Client call center Systems/D. Team mangement/live meeting breakdown.mp4	ok
License & Scale (Cameron England)/5. Client success/B. Communication/4. Launch call and process framework.mp4	ok
License & Scale (Cameron England)/5. Client success/C. Upsells,refferals,reviews/4. Gathering social proof.mp4	ok
License & Scale (Cameron England)/5. Client success/F. Client success systems/8. Client feedback surverys.mp4	ok
License & Scale (Cameron England)/1. Intro and Onboarding/B. Quick Wins/12.Building a client training course.mp4	ok
License & Scale (Cameron England)/3.Sales/G. Call reviews/Chiro Sales call audit.mp4	ok
License & Scale (Cameron England)/3.Sales/I. Live team calls/External sales training for underperforming closers.mp4	ok
License & Scale (Cameron England)/4. Client call center Systems/A. Call center fundamentals/4. Call center breakdown.mp4	ok
License & Scale (Cameron England)/4. Client call center Systems/B. Setup/12. Availability checker and setup.mp4	ok
License & Scale (Cameron England)/4. Client call center Systems/C. Hiring and onboarding/2. CSR Compensation structures.mp4	ok
License & Scale (Cameron England)/4. Client call center Systems/C. Hiring and onboarding/7. CSR team onboarding.mp4	ok
License & Scale (Cameron England)/5. Client success/A. CS Fundamentals/3. Client management overview.mp4	ok
License & Scale (Cameron England)/5. Client success/A. CS Fundamentals/4. Client personalities.mp4	ok
License & Scale (Cameron England)/5. Client success/E. Live Client Calls/2. Onboarding CSM audit.mp4	ok
License & Scale (Cameron England)/5. Client success/F. Client success systems/3. Overdue payment and ghosting.mp4	ok
License & Scale (Cameron England)/5. Client success/F. Client success systems/7. Making new client ticketing forms.mp4	ok
License & Scale (Cameron England)/5. Client success/G. CSM Management/3. Daily CSM meetings and framework.mp4	ok
License & Scale (Cameron England)/7.SVD/Fundamentals/5.Foundation of client results.mp4	ok
License & Scale (Cameron England)/3.Sales/B. Sales crash course/Post demo follow up basics.mp4	ok
License & Scale (Cameron England)/3.Sales/I. Live team calls/Sales Rep Setter onboarding.mp4	ok
License & Scale (Cameron England)/4. Client call center Systems/B. Setup/11. Confirmation system SOP.mp4	ok
License & Scale (Cameron England)/4. Client call center Systems/B. Setup/3. HP Client Onboarding.mp4	ok
License & Scale (Cameron England)/4. Client call center Systems/B. Setup/6. Accountability systems.mp4	ok
License & Scale (Cameron England)/4. Client call center Systems/B. Setup/8. Call center dashboard setup.mp4	ok
License & Scale (Cameron England)/4. Client call center Systems/C. Hiring and onboarding/A-player interview example.mp4	ok
License & Scale (Cameron England)/4. Client call center Systems/D. Team mangement/3. Auditing agent calls.mp4	ok
License & Scale (Cameron England)/5. Client success/A. CS Fundamentals/6. Everything on hiring a CSM.mp4	ok
License & Scale (Cameron England)/5. Client success/B. Communication/2. Client communication SOP.mp4	ok
License & Scale (Cameron England)/5. Client success/D. Client conflict/4. Ownership call framework.mp4	ok
License & Scale (Cameron England)/7.SVD/Automated onboarding/Onb/2. Overview of technical steps.mp4	ok
License & Scale (Cameron England)/7.SVD/Fundamentals/3.60 20 20 rule.mp4	ok
License & Scale (Cameron England)/2025 call recordings and masterminds/Calls/Founder Calls/Product improvement.mp4	FF_FAIL
License & Scale (Cameron England)/2025 call recordings and masterminds/Calls/Founder Calls/fixing churn and sales.mp4	ok
License & Scale (Cameron England)/2025 call recordings and masterminds/Calls/Founder Calls/operation constraints.mp4	ok
License & Scale (Cameron England)/2025 call recordings and masterminds/Calls/Founder Calls/strategic pricing + leverage scaling.mp4	ok
License & Scale (Cameron England)/4. Client call center Systems/B. Setup/10. Client show rate systems.mp4	ok
License & Scale (Cameron England)/4. Client call center Systems/B. Setup/7. KPI_s and agent reporting.mp4	ok
License & Scale (Cameron England)/6. Operations & AI/C. Trackers/4. Closer tracker.mp4	ok
License & Scale (Cameron England)/6. Operations & AI/C. Trackers/7. Finance tracker.mp4	ok
License & Scale (Cameron England)/2025 call recordings and masterminds/Calls/Founder Calls/client feedback .mp4	ok
License & Scale (Cameron England)/2025 call recordings and masterminds/Calls/Founder Calls/operations and marketing.mp4	ok
License & Scale (Cameron England)/2025 call recordings and masterminds/Calls/Founder Calls/ops systems and team structure.mp4	ok
License & Scale (Cameron England)/2025 call recordings and masterminds/Calls/Founder Calls/optimizing operations.mp4	ok
License & Scale (Cameron England)/6. Operations & AI/C. Trackers/1. CEO Dashboard SOP.mp4	ok
License & Scale (Cameron England)/2025 call recordings and masterminds/Calls/Founder Calls/call center and team management.mp4	ok
License & Scale (Cameron England)/2025 call recordings and masterminds/Calls/Founder Calls/client fulfillment bottlenecks.mp4	ok
License & Scale (Cameron England)/2025 call recordings and masterminds/Calls/Founder Calls/client retention and product pricing.mp4	ok
License & Scale (Cameron England)/2025 call recordings and masterminds/Calls/Founder Calls/scaling ads, creative strategy and pricing.mp4	ok
License & Scale (Cameron England)/5. Client success/D. Client conflict/1. Pissed client scenarios.mp4	ok
License & Scale (Cameron England)/5. Client success/D. Client conflict/3. Reset call framework.mp4	ok
License & Scale (Cameron England)/2025 call recordings and masterminds/Calls/Founder Calls/CSM management and service delivery.mp4	ok
License & Scale (Cameron England)/2025 call recordings and masterminds/Calls/Founder Calls/Tools and project management.mp4	ok
License & Scale (Cameron England)/2025 call recordings and masterminds/Calls/Founder Calls/pay per show pricing models.mp4	ok
License & Scale (Cameron England)/2025 call recordings and masterminds/Calls/Founder Calls/product pricing and team management.mp4	ok
License & Scale (Cameron England)/2025 call recordings and masterminds/Calls/Founder Calls/Ads strategies b2b b2c.mp4	ok
License & Scale (Cameron England)/2025 call recordings and masterminds/Calls/Founder Calls/client management and ops .mp4	ok
License & Scale (Cameron England)/2025 call recordings and masterminds/Calls/Founder Calls/fulfillment and acquisition improvements.mp4	ok
License & Scale (Cameron England)/2025 call recordings and masterminds/Calls/Founder Calls/marketing, ads and profit models.mp4	ok
License & Scale (Cameron England)/2025 call recordings and masterminds/Calls/Founder Calls/solving fulfillment bottlenecks .mp4	ok
