License & Scale (Cameron England)/1. Intro and Onboarding/A.Intro/1. Introduction_.mp4	ok
License & Scale (Cameron England)/1. Intro and Onboarding/A.Intro/2.How to consume.mp4	ok
License & Scale (Cameron England)/1. Intro and Onboarding/B. Quick Wins/1.Niche selection.mp4	ok
License & Scale (Cameron England)/1. Intro and Onboarding/B. Quick Wins/10.Client fulfillment and snapshot.mp4	ok
License & Scale (Cameron England)/1. Intro and Onboarding/B. Quick Wins/11.B2C Client Snapshot.mp4	ok
License & Scale (Cameron England)/1. Intro and Onboarding/B. Quick Wins/12.Building a client training course.mp4	ok
License & Scale (Cameron England)/1. Intro and Onboarding/B. Quick Wins/13.basic tracking systems.mp4	ok
License & Scale (Cameron England)/1. Intro and Onboarding/B. Quick Wins/14.Profit stacking system.mp4	ok
License & Scale (Cameron England)/1. Intro and Onboarding/B. Quick Wins/2. Reverse engineering your goal.mp4	ok
License & Scale (Cameron England)/1. Intro and Onboarding/B. Quick Wins/3.get new clients with 0$.mp4	ok
License & Scale (Cameron England)/1. Intro and Onboarding/B. Quick Wins/4.Paid ads speedrun.mp4	ok
License & Scale (Cameron England)/1. Intro and Onboarding/B. Quick Wins/5.Increase Close rates.mp4	ok
License & Scale (Cameron England)/1. Intro and Onboarding/B. Quick Wins/6.Reducing client churn immediately.mp4	ok
License & Scale (Cameron England)/1. Intro and Onboarding/B. Quick Wins/7.Pricing plays to make more $.mp4	ok
License & Scale (Cameron England)/1. Intro and Onboarding/B. Quick Wins/8.AI integration.mp4	ok
License & Scale (Cameron England)/1. Intro and Onboarding/B. Quick Wins/9.Hiring directory.mp4	ok
License & Scale (Cameron England)/1. Intro and Onboarding/C . Bonus trainings (TEMPORARY)/1. Project management part 1.mp4	ok
License & Scale (Cameron England)/1. Intro and Onboarding/C . Bonus trainings (TEMPORARY)/10.Weekly planning.mp4	ok
License & Scale (Cameron England)/1. Intro and Onboarding/C . Bonus trainings (TEMPORARY)/11. Handling A type prospects.mp4	ok
License & Scale (Cameron England)/1. Intro and Onboarding/C . Bonus trainings (TEMPORARY)/12. Communication efficiency with AI.mp4	ok
License & Scale (Cameron England)/1. Intro and Onboarding/C . Bonus trainings (TEMPORARY)/13.Internal slack structure.mp4	ok
License & Scale (Cameron England)/1. Intro and Onboarding/C . Bonus trainings (TEMPORARY)/2. Project management part 2.mp4	ok
License & Scale (Cameron England)/1. Intro and Onboarding/C . Bonus trainings (TEMPORARY)/3. Client onboarding.mp4	ok
License & Scale (Cameron England)/1. Intro and Onboarding/C . Bonus trainings (TEMPORARY)/5. Website and funnel creation.mp4	ok
License & Scale (Cameron England)/1. Intro and Onboarding/C . Bonus trainings (TEMPORARY)/6. Automate image ad creation in slack.mp4	ok
License & Scale (Cameron England)/1. Intro and Onboarding/C . Bonus trainings (TEMPORARY)/7. Client AI Lead nurturing.mp4	ok
License & Scale (Cameron England)/1. Intro and Onboarding/C . Bonus trainings (TEMPORARY)/8.CloseBot V2 setup.mp4	ok
License & Scale (Cameron England)/1. Intro and Onboarding/C . Bonus trainings (TEMPORARY)/9.Goal setting process.mp4	ok
License & Scale (Cameron England)/2.Lead Generation and Nurture/A - Fundamentals/1. Lead generation and nurture - Start Here.mp4	AF_FAIL
License & Scale (Cameron England)/2.Lead Generation and Nurture/A - Fundamentals/2. Acquisition process breakdown.mp4	ok
License & Scale (Cameron England)/2.Lead Generation and Nurture/A - Fundamentals/3. Paid ad KPI_s and Math.mp4	ok
License & Scale (Cameron England)/2.Lead Generation and Nurture/A - Fundamentals/4. Ad pitfalls and key tips.mp4	ok
License & Scale (Cameron England)/2.Lead Generation and Nurture/A - Fundamentals/5. B2B Snapshot.mp4	ok
License & Scale (Cameron England)/2.Lead Generation and Nurture/A - Fundamentals/Live Acquisition Process Breakdown/Live Acquisition Process Breakdown (1080p_60fps_H264-128kbit_AAC).mp4	ok
License & Scale (Cameron England)/2.Lead Generation and Nurture/B - Ads/1. Ad budget and offer validation.mp4	ok
License & Scale (Cameron England)/2.Lead Generation and Nurture/B - Ads/2. Creating your ads.mp4	ok
License & Scale (Cameron England)/2.Lead Generation and Nurture/B - Ads/3. Using manus for scripts.mp4	ok
License & Scale (Cameron England)/2.Lead Generation and Nurture/B - Ads/4. Creating ad hooks with AI.mp4	ok
License & Scale (Cameron England)/2.Lead Generation and Nurture/B - Ads/5. Facebook ads setup.mp4	ok
License & Scale (Cameron England)/2.Lead Generation and Nurture/B - Ads/6.Editing ads that convert.mp4	ok
License & Scale (Cameron England)/2.Lead Generation and Nurture/B - Ads/7.Competition hacking.mp4	ok
License & Scale (Cameron England)/2.Lead Generation and Nurture/B - Ads/8.Filming and editing ads w Cameron.mp4	ok
License & Scale (Cameron England)/2.Lead Generation and Nurture/B - Ads/9.AI ad creation.mp4	ok
License & Scale (Cameron England)/2.Lead Generation and Nurture/B - Ads/Andromeda masterclass live.mp4	ok
License & Scale (Cameron England)/2.Lead Generation and Nurture/C - Ad Scaling stages/1. Media buying fundamentals.mp4	ok
License & Scale (Cameron England)/2.Lead Generation and Nurture/C - Ad Scaling stages/2. Scale phase 1.mp4	ok
License & Scale (Cameron England)/2.Lead Generation and Nurture/C - Ad Scaling stages/3. Scale phase 2.mp4	ok
License & Scale (Cameron England)/2.Lead Generation and Nurture/C - Ad Scaling stages/4. Scale phase 3.mp4	ok
License & Scale (Cameron England)/2.Lead Generation and Nurture/D - Funnels/1. Funnel types breakdown.mp4	ok
License & Scale (Cameron England)/2.Lead Generation and Nurture/D - Funnels/2.Funnel setup and optimization.mp4	ok
License & Scale (Cameron England)/2.Lead Generation and Nurture/D - Funnels/3. Steal funnels with AI.mp4	ok
License & Scale (Cameron England)/2.Lead Generation and Nurture/D - Funnels/4. Mastering VSL_s.mp4	ok
License & Scale (Cameron England)/2.Lead Generation and Nurture/D - Funnels/5. Thank you page optimization.mp4	ok
License & Scale (Cameron England)/2.Lead Generation and Nurture/D - Funnels/6. Pixel conditioning.mp4	ok
License & Scale (Cameron England)/2.Lead Generation and Nurture/D - Funnels/7. Waiting room optimization.mp4	ok
License & Scale (Cameron England)/2.Lead Generation and Nurture/E - Lead nurture and fixing constraints/1. Diagnosing and fixing acquisition constraints.mp4	ok
License & Scale (Cameron England)/2.Lead Generation and Nurture/E - Lead nurture and fixing constraints/2. Lead nurture best practices.mp4	ok
License & Scale (Cameron England)/2.Lead Generation and Nurture/E - Lead nurture and fixing constraints/3.Appointwise Setter training.mp4	ok
License & Scale (Cameron England)/2.Lead Generation and Nurture/E - Lead nurture and fixing constraints/4. Hammer them strategy.mp4	ok
License & Scale (Cameron England)/2.Lead Generation and Nurture/E - Lead nurture and fixing constraints/5. Hammer them technical setup.mp4	ok
License & Scale (Cameron England)/2.Lead Generation and Nurture/E - Lead nurture and fixing constraints/6.Show rate best practices.mp4	ok
License & Scale (Cameron England)/2.Lead Generation and Nurture/E - Lead nurture and fixing constraints/7. Lead quality best practices.mp4	ok
License & Scale (Cameron England)/2.Lead Generation and Nurture/E - Lead nurture and fixing constraints/8.Diagnosing constraints using AI.mp4	ok
License & Scale (Cameron England)/2.Lead Generation and Nurture/F - Tracking/1. What tracking tools to use.mp4	ok
License & Scale (Cameron England)/2.Lead Generation and Nurture/F - Tracking/1CC P1.mp4	ok
License & Scale (Cameron England)/2.Lead Generation and Nurture/F - Tracking/1CC P2.mp4	ok
License & Scale (Cameron England)/2.Lead Generation and Nurture/F - Tracking/6.Daily ads workflow.mp4	ok
License & Scale (Cameron England)/2.Lead Generation and Nurture/F - Tracking/Hyros setup and configuration.mp4	ok
License & Scale (Cameron England)/2.Lead Generation and Nurture/F - Tracking/Live marketing tracker build.mp4	ok
License & Scale (Cameron England)/2.Lead Generation and Nurture/G - Bonus/V1 Live Marketing and setter Audit.mp4	ok
License & Scale (Cameron England)/2.Lead Generation and Nurture/G - Bonus/V2 Live marketing Audit.mp4	ok
License & Scale (Cameron England)/2.Lead Generation and Nurture/G - Bonus/V3 Live marketing and setter audit.mp4	ok
License & Scale (Cameron England)/2.Lead Generation and Nurture/H - Outbound processes/1.Lead gen paths.mp4	ok
License & Scale (Cameron England)/2.Lead Generation and Nurture/H - Outbound processes/2. Scraping leads.mp4	ok
License & Scale (Cameron England)/2.Lead Generation and Nurture/H - Outbound processes/3. Cold SMS Outbound overview.mp4	ok
License & Scale (Cameron England)/2.Lead Generation and Nurture/H - Outbound processes/3. Cold email systems.mp4	ok
License & Scale (Cameron England)/2.Lead Generation and Nurture/H - Outbound processes/4. DM systems intro.mp4	ok
License & Scale (Cameron England)/2.Lead Generation and Nurture/H - Outbound processes/5. Account setup.mp4	ok
License & Scale (Cameron England)/2.Lead Generation and Nurture/H - Outbound processes/6.Script creation.mp4	ok
License & Scale (Cameron England)/2.Lead Generation and Nurture/H - Outbound processes/7.Finding prospects.mp4	ok
License & Scale (Cameron England)/2.Lead Generation and Nurture/H - Outbound processes/8.Delegation and automations.mp4	ok
License & Scale (Cameron England)/2024 call recording and masterminds/Marbella Mastermind Q4 2024/Mastermind - Session 1/Mastermind - Session 1 (1080p_30fps_H264-128kbit_AAC).mp4	ok
License & Scale (Cameron England)/2024 call recording and masterminds/Marbella Mastermind Q4 2024/Mastermind Session 2.0/Mastermind Session 2.0 (1080p_30fps_H264-128kbit_AAC).mp4	ok
License & Scale (Cameron England)/2025 call recordings and masterminds/Calls/Founder Calls/AI Automation.mp4	ok
License & Scale (Cameron England)/2025 call recordings and masterminds/Calls/Founder Calls/Ad optimizations.mp4	ok
License & Scale (Cameron England)/2025 call recordings and masterminds/Calls/Founder Calls/Ads strategies b2b b2c.mp4	ok
License & Scale (Cameron England)/2025 call recordings and masterminds/Calls/Founder Calls/CSM management and service delivery.mp4	ok
License & Scale (Cameron England)/2025 call recordings and masterminds/Calls/Founder Calls/Fulfillment, retention and lifetime value .mp4	ok
License & Scale (Cameron England)/2025 call recordings and masterminds/Calls/Founder Calls/HP, CAC issues and team performance.mp4	ok
License & Scale (Cameron England)/2025 call recordings and masterminds/Calls/Founder Calls/ISA standards, hiring and qna.mp4	ok
License & Scale (Cameron England)/2025 call recordings and masterminds/Calls/Founder Calls/Internal team efficiency  media buyers.mp4	ok
License & Scale (Cameron England)/2025 call recordings and masterminds/Calls/Founder Calls/Leadership and team management.mp4	ok
License & Scale (Cameron England)/2025 call recordings and masterminds/Calls/Founder Calls/Product improvement.mp4	FF_FAIL
License & Scale (Cameron England)/2025 call recordings and masterminds/Calls/Founder Calls/Sales, team and ads bottlenecks.mp4	ok
License & Scale (Cameron England)/2025 call recordings and masterminds/Calls/Founder Calls/Tools and project management.mp4	ok
License & Scale (Cameron England)/2025 call recordings and masterminds/Calls/Founder Calls/ad performance tracking.mp4	ok
License & Scale (Cameron England)/2025 call recordings and masterminds/Calls/Founder Calls/agency autopilot  stepping back.mp4	ok
License & Scale (Cameron England)/2025 call recordings and masterminds/Calls/Founder Calls/agency check in .mp4	ok
License & Scale (Cameron England)/2025 call recordings and masterminds/Calls/Founder Calls/agency operations.mp4	ok
License & Scale (Cameron England)/2025 call recordings and masterminds/Calls/Founder Calls/agency tools, tech and offer strategy q&a .mp4	ok
License & Scale (Cameron England)/2025 call recordings and masterminds/Calls/Founder Calls/b2b ad strategies and ops cleanup.mp4	ok
License & Scale (Cameron England)/2025 call recordings and masterminds/Calls/Founder Calls/call center and team management.mp4	ok
License & Scale (Cameron England)/2025 call recordings and masterminds/Calls/Founder Calls/call center management.mp4	ok
License & Scale (Cameron England)/2025 call recordings and masterminds/Calls/Founder Calls/client acquisition .mp4	ok
License & Scale (Cameron England)/2025 call recordings and masterminds/Calls/Founder Calls/client and project management.mp4	ok
License & Scale (Cameron England)/2025 call recordings and masterminds/Calls/Founder Calls/client feedback .mp4	ok
License & Scale (Cameron England)/2025 call recordings and masterminds/Calls/Founder Calls/client fulfillment bottlenecks.mp4	ok
License & Scale (Cameron England)/2025 call recordings and masterminds/Calls/Founder Calls/client management and operations .mp4	ok
License & Scale (Cameron England)/2025 call recordings and masterminds/Calls/Founder Calls/client management and ops .mp4	ok
License & Scale (Cameron England)/2025 call recordings and masterminds/Calls/Founder Calls/client retention and product pricing.mp4	ok
License & Scale (Cameron England)/2025 call recordings and masterminds/Calls/Founder Calls/constraint diagnosis framework.mp4	ok
License & Scale (Cameron England)/2025 call recordings and masterminds/Calls/Founder Calls/deeper discovery to improve close rates.mp4	ok
License & Scale (Cameron England)/2025 call recordings and masterminds/Calls/Founder Calls/fixing churn and sales.mp4	ok
License & Scale (Cameron England)/2025 call recordings and masterminds/Calls/Founder Calls/fulfillment and acquisition improvements.mp4	ok
License & Scale (Cameron England)/2025 call recordings and masterminds/Calls/Founder Calls/fulfillment tracking.mp4	ok
License & Scale (Cameron England)/2025 call recordings and masterminds/Calls/Founder Calls/hiring va_s and scaling fulfillment .mp4	ok
License & Scale (Cameron England)/2025 call recordings and masterminds/Calls/Founder Calls/hiring, scorecards and pod systems.mp4	ok
License & Scale (Cameron England)/2025 call recordings and masterminds/Calls/Founder Calls/marketing, ads and profit models.mp4	ok
License & Scale (Cameron England)/2025 call recordings and masterminds/Calls/Founder Calls/operation constraints.mp4	ok
License & Scale (Cameron England)/2025 call recordings and masterminds/Calls/Founder Calls/operations and financial management.mp4	ok
License & Scale (Cameron England)/2025 call recordings and masterminds/Calls/Founder Calls/operations and marketing.mp4	ok
License & Scale (Cameron England)/2025 call recordings and masterminds/Calls/Founder Calls/operations and retention strategy.mp4	ok
License & Scale (Cameron England)/2025 call recordings and masterminds/Calls/Founder Calls/ops systems and team structure.mp4	ok
License & Scale (Cameron England)/2025 call recordings and masterminds/Calls/Founder Calls/optimizing agency ops .mp4	ok
License & Scale (Cameron England)/2025 call recordings and masterminds/Calls/Founder Calls/optimizing operations.mp4	ok
License & Scale (Cameron England)/2025 call recordings and masterminds/Calls/Founder Calls/pay per show pricing models.mp4	ok
License & Scale (Cameron England)/2025 call recordings and masterminds/Calls/Founder Calls/product pricing and team management.mp4	ok
License & Scale (Cameron England)/2025 call recordings and masterminds/Calls/Founder Calls/project management.mp4	ok
License & Scale (Cameron England)/2025 call recordings and masterminds/Calls/Founder Calls/reducing churn .mp4	ok
License & Scale (Cameron England)/2025 call recordings and masterminds/Calls/Founder Calls/refining team and systems to scale.mp4	ok
License & Scale (Cameron England)/2025 call recordings and masterminds/Calls/Founder Calls/retention handling client disputes.mp4	ok
License & Scale (Cameron England)/2025 call recordings and masterminds/Calls/Founder Calls/sales marketing and operations.mp4	ok
License & Scale (Cameron England)/2025 call recordings and masterminds/Calls/Founder Calls/scaling ads, creative strategy and pricing.mp4	ok
License & Scale (Cameron England)/2025 call recordings and masterminds/Calls/Founder Calls/scaling operations and mm planning.mp4	ok
License & Scale (Cameron England)/2025 call recordings and masterminds/Calls/Founder Calls/smart upsells and retargeting that converts.mp4	ok
License & Scale (Cameron England)/2025 call recordings and masterminds/Calls/Founder Calls/solving fulfillment bottlenecks .mp4	ok
License & Scale (Cameron England)/2025 call recordings and masterminds/Calls/Founder Calls/strategic pricing + leverage scaling.mp4	ok
License & Scale (Cameron England)/2025 call recordings and masterminds/Calls/Founder Calls/team building and fulfillment systemization.mp4	ok
License & Scale (Cameron England)/2025 call recordings and masterminds/Calls/Founder Calls/team hiring and expectations.mp4	ok
License & Scale (Cameron England)/2025 call recordings and masterminds/Calls/Founder Calls/team management and b2b ads.mp4	ok
License & Scale (Cameron England)/2025 call recordings and masterminds/Calls/Founder Calls/team management and client retention.mp4	ok
License & Scale (Cameron England)/2025 call recordings and masterminds/Calls/Founder Calls/tools, hiring and team .mp4	ok
License & Scale (Cameron England)/2025 call recordings and masterminds/Mykonos Mastermind Q3 2025/Alessandro - AI Implementation.mp4	ok
License & Scale (Cameron England)/2025 call recordings and masterminds/Mykonos Mastermind Q3 2025/Armin - 0 to 2M ARR in 4 months with 3 people.mp4	ok
License & Scale (Cameron England)/2025 call recordings and masterminds/Mykonos Mastermind Q3 2025/Become 7-8 figures.mp4	ok
License & Scale (Cameron England)/2025 call recordings and masterminds/Mykonos Mastermind Q3 2025/Building an A Player Sales team.mp4	ok
License & Scale (Cameron England)/2025 call recordings and masterminds/Mykonos Mastermind Q3 2025/Cameron- High performance leadership.mp4	ok
License & Scale (Cameron England)/2025 call recordings and masterminds/Mykonos Mastermind Q3 2025/Hadley - Scaling a call center & team culture.mp4	ok
License & Scale (Cameron England)/2025 call recordings and masterminds/Mykonos Mastermind Q3 2025/Joe - Networking and Branding.mp4	ok
License & Scale (Cameron England)/2025 call recordings and masterminds/Mykonos Mastermind Q3 2025/Pasha - Thinking bigger and growing fast.mp4	ok
License & Scale (Cameron England)/2025 call recordings and masterminds/Mykonos Mastermind Q3 2025/Testing and scaling agency ads.mp4	ok
License & Scale (Cameron England)/2025 call recordings and masterminds/Mykonos Mastermind Q3 2025/The #1 Best Hire I_ve Ever Made.mp4	ok
License & Scale (Cameron England)/3.Sales/A. Sales fundamentals/1.Sales - START HERE.mp4	ok
License & Scale (Cameron England)/3.Sales/A. Sales fundamentals/2. Keys to high performance.mp4	ok
License & Scale (Cameron England)/3.Sales/A. Sales fundamentals/3.Sales process overview.mp4	ok
License & Scale (Cameron England)/3.Sales/A. Sales fundamentals/4. 2 Call close adjustments.mp4	ok
License & Scale (Cameron England)/3.Sales/A. Sales fundamentals/5. Record your calls.mp4	ok
License & Scale (Cameron England)/3.Sales/A. Sales fundamentals/6. Hiring setters and closers.mp4	ok
License & Scale (Cameron England)/3.Sales/A. Sales fundamentals/7. Sales success and comon pitfalls.mp4	ok
License & Scale (Cameron England)/3.Sales/A. Sales fundamentals/8.Immediate close rate levers.mp4	ok
License & Scale (Cameron England)/3.Sales/B. Sales crash course/1. Sales state of mind.mp4	ok
License & Scale (Cameron England)/3.Sales/B. Sales crash course/2. Sales first principles.mp4	ok
License & Scale (Cameron England)/3.Sales/B. Sales crash course/3. 7 steps to objectionless sales calls.mp4	FF_FAIL
License & Scale (Cameron England)/3.Sales/B. Sales crash course/4. Intro call process.mp4	ok
License & Scale (Cameron England)/3.Sales/B. Sales crash course/5. Live setter call breakdown.mp4	ok
License & Scale (Cameron England)/3.Sales/B. Sales crash course/6. Demo call process.mp4	ok
License & Scale (Cameron England)/3.Sales/B. Sales crash course/7. Discovery best practices.mp4	ok
License & Scale (Cameron England)/3.Sales/B. Sales crash course/8. Example pitch.mp4	ok
License & Scale (Cameron England)/3.Sales/B. Sales crash course/9. Objections 101.mp4	ok
License & Scale (Cameron England)/3.Sales/B. Sales crash course/Hugo call review and breakdown.mp4	ok
License & Scale (Cameron England)/3.Sales/B. Sales crash course/Post demo follow up basics.mp4	ok
License & Scale (Cameron England)/3.Sales/B. Sales crash course/Taking notes on sales calls.mp4	ok
License & Scale (Cameron England)/3.Sales/C. Setting and lead management/1. Setting process and pipeline management.mp4	ok
License & Scale (Cameron England)/3.Sales/C. Setting and lead management/2. Templatizing for setter efficiency.mp4	ok
License & Scale (Cameron England)/3.Sales/C. Setting and lead management/3. Setter common pitfalls.mp4	ok
License & Scale (Cameron England)/3.Sales/C. Setting and lead management/4. Collecting ammo (Discover).mp4	ok
License & Scale (Cameron England)/3.Sales/C. Setting and lead management/5. Transition to demo(pre-pitch).mp4	ok
License & Scale (Cameron England)/3.Sales/C. Setting and lead management/6. Disqualifying and financial Q_s.mp4	ok
License & Scale (Cameron England)/3.Sales/C. Setting and lead management/7. No shows and maximizing SUR.mp4	ok
License & Scale (Cameron England)/3.Sales/C. Setting and lead management/8. Live Dialing Leads as a setter.mp4	ok
License & Scale (Cameron England)/3.Sales/C. Setting and lead management/9.Call breakdown scheduled intros .mp4	ok
License & Scale (Cameron England)/3.Sales/D. Demo calls/1. Process variation.mp4	ok
License & Scale (Cameron England)/3.Sales/D. Demo calls/2. Setting the frame.mp4	ok
License & Scale (Cameron England)/3.Sales/D. Demo calls/3. Discovery - Gap.mp4	ok
License & Scale (Cameron England)/3.Sales/D. Demo calls/4. Cost of inaction.mp4	ok
License & Scale (Cameron England)/3.Sales/D. Demo calls/5. Transitioning to the pitch.mp4	ok
License & Scale (Cameron England)/3.Sales/D. Demo calls/6. Creating your pitch.mp4	ok
License & Scale (Cameron England)/3.Sales/D. Demo calls/7. How to pitch.mp4	ok
License & Scale (Cameron England)/3.Sales/D. Demo calls/8. Pitch presentation methods.mp4	ok
License & Scale (Cameron England)/3.Sales/D. Demo calls/9.Commitment and price.mp4	ok
License & Scale (Cameron England)/3.Sales/D. Demo calls/call rp.mp4	ok
License & Scale (Cameron England)/3.Sales/E. Objections/1. Objections 101.mp4	ok
License & Scale (Cameron England)/3.Sales/E. Objections/2. Pacing the first objection.mp4	ok
License & Scale (Cameron England)/3.Sales/E. Objections/3. Price financial.mp4	ok
License & Scale (Cameron England)/3.Sales/E. Objections/4. Uncertainty.mp4	ok
License & Scale (Cameron England)/3.Sales/E. Objections/5. Spouse partner.mp4	ok
License & Scale (Cameron England)/3.Sales/E. Objections/6. Thought it was pay on results.mp4	ok
License & Scale (Cameron England)/3.Sales/E. Objections/7. Closing deposits and Booking FU_s.mp4	ok
License & Scale (Cameron England)/3.Sales/E. Objections/live financial obj training.mp4	ok
License & Scale (Cameron England)/3.Sales/F. Follow up/1. Post demo follow up.mp4	ok
License & Scale (Cameron England)/3.Sales/F. Follow up/2. Organizing follow ups at scale.mp4	ok
License & Scale (Cameron England)/3.Sales/F. Follow up/3. Closing live follow up calls.mp4	ok
License & Scale (Cameron England)/3.Sales/F. Follow up/4. Leveraging sales assets.mp4	ok
License & Scale (Cameron England)/3.Sales/F. Follow up/Re-offers.mp4	ok
License & Scale (Cameron England)/3.Sales/G. Call reviews/Auditing setter intro V2.mp4	ok
License & Scale (Cameron England)/3.Sales/G. Call reviews/Cameron auditing BAD setter intro.mp4	ok
License & Scale (Cameron England)/3.Sales/G. Call reviews/Cameron roleplaying the Sales Process A-Z.mp4	ok
License & Scale (Cameron England)/3.Sales/G. Call reviews/Chiro Sales call audit.mp4	ok
License & Scale (Cameron England)/3.Sales/G. Call reviews/Dental Sales call close.mp4	ok
License & Scale (Cameron England)/3.Sales/G. Call reviews/Dental sales call review.mp4	ok
License & Scale (Cameron England)/3.Sales/G. Call reviews/Live intro Call breakdown V3.mp4	ok
License & Scale (Cameron England)/3.Sales/G. Call reviews/MedSpa closers good call.mp4	ok
License & Scale (Cameron England)/3.Sales/G. Call reviews/Medspa closers bad call.mp4	ok
License & Scale (Cameron England)/3.Sales/G. Call reviews/Medspa closers sales calls V3.mp4	ok
License & Scale (Cameron England)/3.Sales/H. Sales team management/1. When and how to hire setters and closers.mp4	ok
License & Scale (Cameron England)/3.Sales/H. Sales team management/2. Running ads to hire salespeople.mp4	ok
License & Scale (Cameron England)/3.Sales/H. Sales team management/3. Live group interviews.mp4	ok
License & Scale (Cameron England)/3.Sales/H. Sales team management/4. Live 1-1 interview.mp4	ok
License & Scale (Cameron England)/3.Sales/H. Sales team management/5. Setter onboarding and bootcamp.mp4	ok
License & Scale (Cameron England)/3.Sales/H. Sales team management/6. Closer onboarding and bootcamp.mp4	ok
License & Scale (Cameron England)/3.Sales/H. Sales team management/7. Closer setter daily sop.mp4	ok
License & Scale (Cameron England)/3.Sales/H. Sales team management/8. EOD reports.mp4	ok
License & Scale (Cameron England)/3.Sales/H. Sales team management/9. Setting projections SOP.mp4	ok
License & Scale (Cameron England)/3.Sales/H. Sales team management/9.1. Meeting cadence.mp4	ok
License & Scale (Cameron England)/3.Sales/I. Live team calls/Addressing performance issues.mp4	ok
License & Scale (Cameron England)/3.Sales/I. Live team calls/External sales training for underperforming closers.mp4	ok
License & Scale (Cameron England)/3.Sales/I. Live team calls/Good call review.mp4	ok
License & Scale (Cameron England)/3.Sales/I. Live team calls/Live 1-1 interview.mp4	ok
License & Scale (Cameron England)/3.Sales/I. Live team calls/Live group interview.mp4	ok
License & Scale (Cameron England)/3.Sales/I. Live team calls/Live intro call breakdown and review.mp4	ok
License & Scale (Cameron England)/3.Sales/I. Live team calls/Sales Rep Setter onboarding.mp4	ok
License & Scale (Cameron England)/4. Client call center Systems/A. Call center fundamentals/1. Call center (START HERE).mp4	ok
License & Scale (Cameron England)/4. Client call center Systems/A. Call center fundamentals/2. Core functions and responsibilities.mp4	ok
License & Scale (Cameron England)/4. Client call center Systems/A. Call center fundamentals/3. Round robin vs exclusive agents.mp4	ok
License & Scale (Cameron England)/4. Client call center Systems/A. Call center fundamentals/4. Call center breakdown.mp4	ok
License & Scale (Cameron England)/4. Client call center Systems/A. Call center fundamentals/5. If new to call center, watch this.mp4	ok
License & Scale (Cameron England)/4. Client call center Systems/B. Setup/1. Script creation.mp4	ok
License & Scale (Cameron England)/4. Client call center Systems/B. Setup/10. Client show rate systems.mp4	ok
License & Scale (Cameron England)/4. Client call center Systems/B. Setup/11. Confirmation system SOP.mp4	ok
License & Scale (Cameron England)/4. Client call center Systems/B. Setup/12. Availability checker and setup.mp4	ok
License & Scale (Cameron England)/4. Client call center Systems/B. Setup/13. Client phone spam chcker.mp4	ok
License & Scale (Cameron England)/4. Client call center Systems/B. Setup/2. HP & GHL config.mp4	ok
License & Scale (Cameron England)/4. Client call center Systems/B. Setup/3. HP Client Onboarding.mp4	ok
License & Scale (Cameron England)/4. Client call center Systems/B. Setup/4. Pulling callbacks into HP.mp4	ok
License & Scale (Cameron England)/4. Client call center Systems/B. Setup/5. Slack channel automation.mp4	ok
License & Scale (Cameron England)/4. Client call center Systems/B. Setup/6. Accountability systems.mp4	ok
License & Scale (Cameron England)/4. Client call center Systems/B. Setup/7. KPI_s and agent reporting.mp4	ok
License & Scale (Cameron England)/4. Client call center Systems/B. Setup/8. Call center dashboard setup.mp4	ok
License & Scale (Cameron England)/4. Client call center Systems/B. Setup/9. AI Sales audit for CSR_s.mp4	ok
License & Scale (Cameron England)/4. Client call center Systems/C. Hiring and onboarding/1. Who and how to hire.mp4	ok
License & Scale (Cameron England)/4. Client call center Systems/C. Hiring and onboarding/2. CSR Compensation structures.mp4	ok
License & Scale (Cameron England)/4. Client call center Systems/C. Hiring and onboarding/3. Hiring systems and configuration.mp4	ok
License & Scale (Cameron England)/4. Client call center Systems/C. Hiring and onboarding/4.Screening applicants.mp4	ok
License & Scale (Cameron England)/4. Client call center Systems/C. Hiring and onboarding/5.group interviews.mp4	ok
License & Scale (Cameron England)/4. Client call center Systems/C. Hiring and onboarding/6. CSR 1-1 Interviews.mp4	ok
License & Scale (Cameron England)/4. Client call center Systems/C. Hiring and onboarding/7. CSR team onboarding.mp4	ok
License & Scale (Cameron England)/4. Client call center Systems/C. Hiring and onboarding/A-player interview example.mp4	ok
License & Scale (Cameron England)/4. Client call center Systems/C. Hiring and onboarding/A-player intreview example B.mp4	ok
License & Scale (Cameron England)/4. Client call center Systems/C. Hiring and onboarding/Interview example.mp4	ok
License & Scale (Cameron England)/4. Client call center Systems/D. Team mangement/1-1 Daily meeting breakdown.mp4	ok
License & Scale (Cameron England)/4. Client call center Systems/D. Team mangement/1. CSR Daily meetings.mp4	ok
License & Scale (Cameron England)/4. Client call center Systems/D. Team mangement/2. One on one meetings with agents.mp4	ok
License & Scale (Cameron England)/4. Client call center Systems/D. Team mangement/3. Auditing agent calls.mp4	ok
License & Scale (Cameron England)/4. Client call center Systems/D. Team mangement/4. Auditing agent calls V2.mp4	ok
License & Scale (Cameron England)/4. Client call center Systems/D. Team mangement/5. Auditing agent calls V3.mp4	ok
License & Scale (Cameron England)/4. Client call center Systems/D. Team mangement/6. Live dial session.mp4	ok
License & Scale (Cameron England)/4. Client call center Systems/D. Team mangement/7. Live dial session v2.mp4	ok
License & Scale (Cameron England)/4. Client call center Systems/D. Team mangement/8. Monthly performance reviews.mp4	ok
License & Scale (Cameron England)/4. Client call center Systems/D. Team mangement/9. When and how to fire.mp4	ok
License & Scale (Cameron England)/4. Client call center Systems/D. Team mangement/live firing call.mp4	ok
License & Scale (Cameron England)/4. Client call center Systems/D. Team mangement/live meeting breakdown.mp4	ok
License & Scale (Cameron England)/5. Client success/A. CS Fundamentals/1. Client success - Start here.mp4	ok
License & Scale (Cameron England)/5. Client success/A. CS Fundamentals/2. Master CS tracking dashboard.mp4	ok
License & Scale (Cameron England)/5. Client success/A. CS Fundamentals/3. Client management overview.mp4	ok
License & Scale (Cameron England)/5. Client success/A. CS Fundamentals/4. Client personalities.mp4	ok
License & Scale (Cameron England)/5. Client success/A. CS Fundamentals/5. Dangling the carrot.mp4	ok
License & Scale (Cameron England)/5. Client success/A. CS Fundamentals/6. Everything on hiring a CSM.mp4	ok
License & Scale (Cameron England)/5. Client success/A. CS Fundamentals/7.CSM Onboarding and bootcamp.mp4	ok
License & Scale (Cameron England)/5. Client success/B. Communication/1. Call types breakdown.mp4	ok
License & Scale (Cameron England)/5. Client success/B. Communication/2. Client communication SOP.mp4	ok
License & Scale (Cameron England)/5. Client success/B. Communication/3. Onboarding call framework.mp4	ok
License & Scale (Cameron England)/5. Client success/B. Communication/4. Launch call and process framework.mp4	ok
License & Scale (Cameron England)/5. Client success/B. Communication/5. Client check in framework.mp4	ok
License & Scale (Cameron England)/5. Client success/B. Communication/6. Weekly client planning process.mp4	ok
License & Scale (Cameron England)/5. Client success/C. Upsells,refferals,reviews/1. Money making levers.mp4	ok
License & Scale (Cameron England)/5. Client success/C. Upsells,refferals,reviews/2. Upsells.mp4	ok
License & Scale (Cameron England)/5. Client success/C. Upsells,refferals,reviews/3. Refferals.mp4	ok
License & Scale (Cameron England)/5. Client success/C. Upsells,refferals,reviews/4. Gathering social proof.mp4	ok
License & Scale (Cameron England)/5. Client success/D. Client conflict/1. Pissed client scenarios.mp4	ok
License & Scale (Cameron England)/5. Client success/D. Client conflict/2. Exit process and call framework.mp4	ok
License & Scale (Cameron England)/5. Client success/D. Client conflict/3. Reset call framework.mp4	ok
License & Scale (Cameron England)/5. Client success/D. Client conflict/4. Ownership call framework.mp4	ok
License & Scale (Cameron England)/5. Client success/D. Client conflict/5. Getting feedback from clients.mp4	ok
License & Scale (Cameron England)/5. Client success/E. Live Client Calls/1. Onboarding live.mp4	ok
License & Scale (Cameron England)/5. Client success/E. Live Client Calls/2. Onboarding CSM audit.mp4	ok
License & Scale (Cameron England)/5. Client success/E. Live Client Calls/3. Onboarding - Sophisticated client.mp4	ok
License & Scale (Cameron England)/5. Client success/E. Live Client Calls/4.Onboarding upsell.mp4	ok
License & Scale (Cameron England)/5. Client success/E. Live Client Calls/5.Launch live V2.mp4	ok
License & Scale (Cameron England)/5. Client success/E. Live Client Calls/6. Launch CSM Audit.mp4	ok
License & Scale (Cameron England)/5. Client success/E. Live Client Calls/7. Launch CSM Audit V2.mp4	ok
License & Scale (Cameron England)/5. Client success/E. Live Client Calls/8. Check in sophisticated client.mp4	ok
License & Scale (Cameron England)/5. Client success/E. Live Client Calls/9. Check in sophisticated client v2.mp4	ok
License & Scale (Cameron England)/5. Client success/E. Live Client Calls/Check in - Analytical client audit.mp4	ok
License & Scale (Cameron England)/5. Client success/E. Live Client Calls/Check in campaign upsell.mp4	ok
License & Scale (Cameron England)/5. Client success/E. Live Client Calls/Check in cancel request.mp4	ok
License & Scale (Cameron England)/5. Client success/E. Live Client Calls/Check in emotional client.mp4	ok
License & Scale (Cameron England)/5. Client success/E. Live Client Calls/Check in frustrated client.mp4	ok
License & Scale (Cameron England)/5. Client success/E. Live Client Calls/Check in pitching the upsell.mp4	ok
License & Scale (Cameron England)/5. Client success/E. Live Client Calls/Exit angry client we fucked up.mp4	ok
License & Scale (Cameron England)/5. Client success/E. Live Client Calls/Exit call churned feedback.mp4	ok
License & Scale (Cameron England)/5. Client success/E. Live Client Calls/Exit call client saved V2.mp4	ok
License & Scale (Cameron England)/5. Client success/E. Live Client Calls/Exit call saved client.mp4	ok
License & Scale (Cameron England)/5. Client success/E. Live Client Calls/Exit ending on good terms.mp4	ok
License & Scale (Cameron England)/5. Client success/E. Live Client Calls/Ownership calls - fixing OUR problems.mp4	ok
License & Scale (Cameron England)/5. Client success/E. Live Client Calls/Refund request angry call audit.mp4	ok
License & Scale (Cameron England)/5. Client success/E. Live Client Calls/Refund request prevention with proof.mp4	ok
License & Scale (Cameron England)/5. Client success/E. Live Client Calls/Reset - realigning expectations.mp4	ok
License & Scale (Cameron England)/5. Client success/E. Live Client Calls/Reset client cant close.mp4	ok
License & Scale (Cameron England)/5. Client success/F. Client success systems/1. Client Sub Account.mp4	ok
License & Scale (Cameron England)/5. Client success/F. Client success systems/2. Offboarding and reactivating clients.mp4	ok
License & Scale (Cameron England)/5. Client success/F. Client success systems/3. Overdue payment and ghosting.mp4	ok
License & Scale (Cameron England)/5. Client success/F. Client success systems/4. Client call tasks automation.mp4	ok
License & Scale (Cameron England)/5. Client success/F. Client success systems/5. Giving clients extensions.mp4	ok
License & Scale (Cameron England)/5. Client success/F. Client success systems/6.Client ticketing systems.mp4	ok
License & Scale (Cameron England)/5. Client success/F. Client success systems/7. Making new client ticketing forms.mp4	ok
License & Scale (Cameron England)/5. Client success/F. Client success systems/8. Client feedback surverys.mp4	ok
License & Scale (Cameron England)/5. Client success/G. CSM Management/1. How to handoff clients to a CSM.mp4	ok
License & Scale (Cameron England)/5. Client success/G. CSM Management/2. Auditing CSM_s live.mp4	ok
License & Scale (Cameron England)/5. Client success/G. CSM Management/3. Daily CSM meetings and framework.mp4	ok
License & Scale (Cameron England)/5. Client success/G. CSM Management/4. 1-1 Meetings with CSM_s.mp4	ok
License & Scale (Cameron England)/5. Client success/G. CSM Management/5. Game tape.mp4	ok
License & Scale (Cameron England)/5. Client success/G. CSM Management/6.CSM Eod report.mp4	ok
License & Scale (Cameron England)/5. Client success/G. CSM Management/7.CSM Full replacement process.mp4	ok
License & Scale (Cameron England)/5. Client success/H. Live CSM Team Calls/1-1 When onboarding CSM V2.mp4	ok
License & Scale (Cameron England)/5. Client success/H. Live CSM Team Calls/1-1 When onboarding CSM.mp4	ok
License & Scale (Cameron England)/5. Client success/H. Live CSM Team Calls/1-1 check in.mp4	ok
License & Scale (Cameron England)/5. Client success/H. Live CSM Team Calls/Auditing CSM Check in call.mp4	ok
License & Scale (Cameron England)/5. Client success/H. Live CSM Team Calls/Auditing client call with CSM_s.mp4	ok
License & Scale (Cameron England)/5. Client success/H. Live CSM Team Calls/Auditing onboarding call.mp4	ok
License & Scale (Cameron England)/5. Client success/H. Live CSM Team Calls/Auditing uncomfortable 1-1 firing call.mp4	ok
License & Scale (Cameron England)/5. Client success/H. Live CSM Team Calls/CSM Firing call.mp4	ok
License & Scale (Cameron England)/5. Client success/H. Live CSM Team Calls/CSM Meeting - Adressing problems.mp4	ok
License & Scale (Cameron England)/5. Client success/H. Live CSM Team Calls/Daily CSM meeting.mp4	ok
License & Scale (Cameron England)/5. Client success/H. Live CSM Team Calls/Defcon 1 client audit call.mp4	ok
License & Scale (Cameron England)/5. Client success/H. Live CSM Team Calls/Exit call audit - pushing hard.mp4	ok
License & Scale (Cameron England)/5. Client success/H. Live CSM Team Calls/Game tape - sales call audit.mp4	ok
License & Scale (Cameron England)/5. Client success/H. Live CSM Team Calls/Live 1-1 interview.mp4	ok
License & Scale (Cameron England)/5. Client success/H. Live CSM Team Calls/Live group interview.mp4	ok
License & Scale (Cameron England)/5. Client success/H. Live CSM Team Calls/Onboarding Call with CSM.mp4	ok
License & Scale (Cameron England)/5. Client success/H. Live CSM Team Calls/Sales call audit V2.mp4	ok
License & Scale (Cameron England)/6. Operations & AI/A. Finance/1. Full monthly projection setting.mp4	ok
License & Scale (Cameron England)/6. Operations & AI/A. Finance/2. Live projection setting.mp4	ok
License & Scale (Cameron England)/6. Operations & AI/B. AI Integration/Manus masterclass.mp4	ok
License & Scale (Cameron England)/6. Operations & AI/C. Trackers/1. CEO Dashboard SOP.mp4	ok
License & Scale (Cameron England)/6. Operations & AI/C. Trackers/2. Daily gooning tracker.mp4	ok
License & Scale (Cameron England)/6. Operations & AI/C. Trackers/3. Setting tracker.mp4	ok
License & Scale (Cameron England)/6. Operations & AI/C. Trackers/4. Closer tracker.mp4	ok
License & Scale (Cameron England)/6. Operations & AI/C. Trackers/5. Client metric tracker.mp4	ok
License & Scale (Cameron England)/6. Operations & AI/C. Trackers/6. Churn and retention tracker.mp4	ok
License & Scale (Cameron England)/6. Operations & AI/C. Trackers/7. Finance tracker.mp4	ok
License & Scale (Cameron England)/6. Operations & AI/C. Trackers/Fulfillment tracker live buildout.mp4	ok
License & Scale (Cameron England)/7.SVD/Automated onboarding/Backend onboarding.mp4	ok
License & Scale (Cameron England)/7.SVD/Automated onboarding/Live onboarding buildout.mp4	ok
License & Scale (Cameron England)/7.SVD/Automated onboarding/Onb/1. Process overview.mp4	ok
License & Scale (Cameron England)/7.SVD/Automated onboarding/Onb/2. Overview of technical steps.mp4	ok
License & Scale (Cameron England)/7.SVD/Automated onboarding/Onb/3. New client form.mp4	ok
License & Scale (Cameron England)/7.SVD/Automated onboarding/Onb/4.Onboarding form.mp4	ok
License & Scale (Cameron England)/7.SVD/Automated onboarding/Onb/5. Kickoff form.mp4	ok
License & Scale (Cameron England)/7.SVD/Automated onboarding/Onb/6. Quality assurance.mp4	ok
License & Scale (Cameron England)/7.SVD/Fundamentals/1. Ads playbook.mp4	ok
License & Scale (Cameron England)/7.SVD/Fundamentals/1.Start here.mp4	ok
License & Scale (Cameron England)/7.SVD/Fundamentals/2.The 3 main fulfillment models.mp4	ok
License & Scale (Cameron England)/7.SVD/Fundamentals/3.60 20 20 rule.mp4	ok
License & Scale (Cameron England)/7.SVD/Fundamentals/4.Client journey overview.mp4	ok
License & Scale (Cameron England)/7.SVD/Fundamentals/5.Foundation of client results.mp4	ok
License & Scale (Cameron England)/7.SVD/Fundamentals/6.Client fulfillment overview.mp4	ok
License & Scale (Cameron England)/7.SVD/Fundamentals/7. Fulfillment economics at scale.mp4	ok
License & Scale (Cameron England)/7.SVD/Fundamentals/Constraint diagnosis (CSM module).mp4	ok
License & Scale (Cameron England)/7.SVD/Lead generation/1. Ads playbook.mp4	ok
License & Scale (Cameron England)/7.SVD/Lead generation/B2C AI Ads.mp4	ok
License & Scale (Cameron England)/7.SVD/Lead generation/BM Manager and setup.mp4	ok
