-YiL9Dp96d4	the-im8-paid-media-teardown-creative-offers-landing-pages-p-l	ok	10729
DHaB1oYtV34	the-us-launch-playbook-for-non-us-brands	ok	6540
HEsIfihl1E0	ecommerce-cro-masterclass-2026-the-full-system	ok	15652
c9lLSY-Vdeo	why-your-meta-ads-don-t-scale-12-real-examples	ok	7577
JDYsuvpkV2Q	how-the-meta-ads-algorithm-works-in-2026	ok	6741
TXaUABqll1E	the-death-spiral-that-kills-most-ecommerce-brands	ok	6692
hV-E_N85iZA	the-complete-e-commerce-retention-masterclass	ok	13946
wYOayIG15Oc	how-to-make-static-image-ads-that-scale-in-2026	ok	11978
mOlklmm4J3o	bottleneck-analysis-in-google-ads-the-full-framework	ok	8456
DQKF8O1ZcPA	the-only-google-ads-strategy-you-need-for-2026	ok	16318
LSFsNbsDL3E	how-to-scale-an-ecommerce-brand-profitably-in-2026-the-full-syst	ok	123260
r2h8S02N9mw	how-8-and-9-figure-brands-build-offers-without-discounting	ok	12401
Nn5yt6DVVKs	how-to-structure-a-meta-ads-account-at-every-spend-tier-in-2026	ok	21727
nMl3JZ9wndg	why-most-fashion-brands-are-running-paid-media-wrong	ok	19670
7uCzTEZWE3M	the-1-bottleneck-i-see-in-80-of-ecommerce-audits	ok	13029
vUbLw80KTpo	meta-ads-creative-strategy-in-2026-the-full-system	ok	30848
95LccODmEFA	everything-you-need-to-know-about-finance-in-ecommerce	ok	20345
GKvBZOwfN2o	the-most-important-metric-for-creative-fatigue	ok	2586
fkpfIfvjJk8	how-to-make-your-meta-ads-scale	ok	4385
Qvki44xQYeM	how-to-make-a-winner-meta-video-ad	ok	3785
AEde4bWDUA0	how-to-scale-meta-tof-campaigns	ok	1718
hIP72qtXqJo	how-to-structure-meta-for-high-creative-volume	ok	4119
jzXV-U_rSEk	how-to-make-better-meta-ads-8-static-creatives-analysed	ok	4288
PtryTEVjkLs	why-we-turned-off-flexible-ads-cost-caps-in-2026	ok	2786
oQrANGuf8Nk	why-these-3-ads-crushed-it-and-why-the-others-burned-money	ok	4165
Ib5FDRDhg8A	5-ecommerce-myths-keeping-you-stuck	ok	4369
p31dZ_EbDN8	the-7-part-vsl-framework-for-ecommerce-with-examples	ok	4027
SE1aIOgO-lM	how-to-write-ad-hooks-that-scale	ok	6707
5VzI8XawJo8	abo-vs-cbo-which-one-you-should-use	ok	2133
kD1Elt-gYdk	reviewing-7-ads-the-one-change-i-d-make-to-6-of-them	ok	7070
DaZFBUzlRWE	how-gruns-went-from-0-to-500m-in-2-years	ok	2850
syQdlwneiDI	hormozi-s-new-ad-strategy-breakdown	ok	3292
NiQ9yRnMfeo	how-to-outperform-99-of-meta-advertisers	ok	3874
vv5IekOLDmY	why-hook-testing-still-works-with-andromeda	ok	2133
D7CQE_Os5Us	stop-forecasting-ad-spend-like-this	ok	3766
aYljX26Ecp8	two-years-later-what-still-works-and-what-doesn-t-ft-michael-nad	ok	11607
KfS0Iz5R-YE	q5-is-overhyped-low-cpms-don-t-mean-opportunity	ok	1797
edkiK2zmbLQ	4-changes-that-recovered-an-ecomm-bankruptcy	ok	1850
EBsMG_Pn2UU	stuck-in-the-learning-phase-here-s-why-your-meta-ads-still-won-t	ok	1665
QerNLnEm7AE	google-ads-in-2026-w-austin-from-grow-my-ads	ok	8508
Z17WEPYacgM	how-to-audit-your-ad-account-for-scale-step-by-step-guide	ok	3906
mxOi6WEO_o4	dpa-ads-on-meta-are-killing-accounts	ok	2345
V7xucl5ToxE	what-to-do-when-1-ad-gets-all-the-spend	ok	1220
hsYysjnRLbg	margin-doesn-t-expand-as-you-scale	ok	3942
xyJIPVhBPx8	why-you-re-overspending-on-retargeting-how-to-fix-it	ok	2028
cPuF132vMd8	why-ecommerce-brands-fail-to-launch-into-the-usa	ok	3064
pm7mHLaq1GE	no-assets-for-bfcm-here-s-the-workflow-that-saves-you	ok	2447
zIGpBXFCsQE	how-we-fixed-a-bad-performing-bfcm-with-one-change	ok	1143
s8ZJYn_V3Rg	don-t-make-this-black-friday-mistake	ok	1868
isT4dFD2Ov0	stop-sending-cold-traffic-on-meta-to-pdps	ok	5561
S8KSi-jokvc	here-s-what-you-should-be-focusing-on-in-2026	ok	1442
1JI0RrXx97Y	blue-illusion-x-blue-sense-how-we-achieved-record-new-customer-g	ok	2171
ho4noXfN3Po	the-best-way-to-test-ads-on-meta	ok	3319
gNLOapLxqug	here-s-how-much-you-should-be-spending-on-creative	ok	1902
Zl4lI_Vdi6g	the-andromeda-setup-we-use-to-pick-winners-fast	ok	2804
KfL4kyyXG2s	beat-the-post-bfcm-slump-the-3-moves-that-prevent-it	ok	1933
Bb-t_HaCUM4	traffic-campaigns-are-killing-your-meta-results-here-s-why	ok	2734
ykrVvxwx-gs	the-best-creative-strategy-for-bfcm-2025	ok	2296
44VuswywK0A	you-will-guaranteed-underspend-on-paid-ads-in-september-october	ok	1913
BIwtRCisd1E	an-agency-doesn-t-create-business-growth	ok	4087
2WaWmjQasX0	why-you-shouldn-t-measure-results-daily-or-even-monthly-in-ecomm	ok	2462
tnZdhoM_ZUs	how-to-turn-evergreen-winners-into-bfcm-ads	ok	1380
CP7K7tJHMBU	2-proven-plays-to-cut-cost-per-new-reach-on-meta	ok	1920
GmBMLp51sRA	cold-vs-warm-tactics-on-meta-google-ads-with-caden	ok	3674
oD6hTvXy1ec	the-biggest-mistake-your-making-in-forecasting-ecommerce	ok	2328
EQBO0yKx3ec	why-you-need-to-have-cogs-tagged-up-in-shopify	ok	1670
9Svuatc4Dns	best-google-ad-account-structure-for-ecommerce-in-2025	ok	3377
mE-gYIpdZQo	here-s-why-your-meta-ads-aren-t-getting-spend	ok	2986
vdGuJUzCyRk	avoid-these-mistakes-this-black-friday-ecommerce	ok	2603
BFgH_9XSEQ0	how-to-increase-margin-while-discounting-this-black-friday	ok	2606
AkBzxne7Z2k	should-you-should-run-tiktok-ads-in-2025	ok	3847
iyuURG8blF0	best-meta-ad-account-structure-for-ecommerce-in-2025	ok	3559
CRe-QuNi7SY	we-tested-google-demand-gen-here-s-what-happened	ok	1742
hpj26J68znQ	how-to-breakdown-shopify-data-into-country-unit-economics-with-v	ok	6766
sESj4VDFXkI	the-meta-breakdown-effect-explained	ok	2085
bXrqzj3Qpvs	the-3-pillars-to-a-successful-us-launch	ok	2825
QMFm7T8Chjg	stop-over-attributing-a-pyramid-framework-for-true-roi	ok	2987
vcIqua9xKys	here-s-what-seperate-s-7-8-figure-ecommerce-businesses	ok	3706
LpciOB45Lw8	the-future-of-google-ads-ai-agencies-with-caden	ok	7089
e6E1hnki7Zo	how-to-trust-meta-roas-and-tie-it-directly-to-your-p-l	ok	1985
SXfGbYeGaH0	where-to-allocate-agency-fees-on-the-p-l	ok	3166
8y39_NMN_XU	here-s-how-to-fix-acquisition-mer-at-scale	ok	3684
p0wLcJRjjZU	you-are-getting-this-wrong	ok	2271
jTf-uQ2NdjQ	here-s-why-you-need-to-spend-on-existing-customers	ok	2389
5z140HkKyBI	the-5-metrics-that-actually-matter-for-an-ecommerce-business	ok	1491
1hS7lMl1M0Y	meta-conversion-lift-vs-geolift-experiments-which-you-should-run	ok	2622
1WmAUwfbTR8	ignore-parameter-in-landing-page-report-urls-in-google-ads	ok	633
UJ79Cx-6_ug	mer-is-a-terrible-kpi-for-marketing	ok	2299
o11ktEEVcN8	is-creative-velocity-a-vanity-metric	ok	2835
3tcKZzW9IMQ	how-to-use-new-incremental-attribution-in-meta-ads	ok	1839
H9YynueZGGU	quasi-geo-lift-incrementality-vs-true-geo-lift-which-should-you	ok	3281
VFcQ15lMS0s	google-ads-klaviyo-integration-audience-sync-setup	ok	1351
97P7VtyQpx4	new-strategy-to-scale-meta-ads-faster	ok	1164
y3_9ZRPWYjU	meta-ads-klaviyo-integration-audience-sync-setup	ok	1173
T3jvcEwMQmo	how-to-upload-a-shopify-customer-list-into-google-ads	ok	1608
3LKo7Sd13oQ	the-most-important-lever-for-ecommerce-subscription-businesses	ok	2357
MTmai5ZKTR8	mastering-the-cash-conversion-cycle-in-ecommerce-with-valentin	ok	4186
ZzLLUVmlTXE	how-we-accelerated-kooka-australia-s-growth-rate-by-100	ok	2836
OaUf7EEEyoc	how-to-find-an-ad-s-post-id-in-facebook-ads-manager	ok	825
vwEKM7GFoKE	the-hidden-problem-with-view-through-attribution-in-meta-ads	ok	2248
UapUGdrpWbc	why-rolling-reach-doesn-t-matter-in-ecommerce-and-what-actually	ok	2537
pKDraxUTueo	the-default-meta-setting-that-s-killing-your-profit-stop-using-i	ok	1230
kmTGHz-tt0Q	here-s-why-your-should-turn-brand-search-off	ok	1244
M1vhzjxE70o	the-myths-and-realities-of-ecommerce-pop-up-forms-with-angus-cow	ok	4435
7ELD8kvYzBw	how-to-improve-profit-when-flat-discounting	ok	2500
rQ4NhuaN-gE	meta-traffic-campaigns-destroys-this-business	ok	3161
dQymzycGdPE	how-to-double-your-profit-using-levers-in-your-unit-economics	ok	4578
Ikj_2_qpfY8	how-to-structure-advantage-meta-campaigns-in-2025	ok	4225
OfGbjwUHpVE	how-to-make-meta-partnership-ads-work-for-you	ok	1163
VV9cyHHwCns	the-only-retargeting-audience-you-need-on-meta-ads-2025	ok	2613
7knkvl-MSRQ	how-machine-learning-works-in-meta-ads-2025	ok	6440
pbBD_owGPnA	be-careful-tiktok-ads-nearly-bankrupted-this-business	ok	3083
OTtEyWbkKeM	display-retargeting-strategy-in-google-ads	ok	1610
Kxfb27tHE9s	here-s-how-to-find-your-optimal-spend-mer	ok	2310
sgjnRkdGH5s	1-vs-1-000-creatives-in-meta-ads	ok	1516
nC9fJL7jvuQ	why-your-new-google-shopping-campaign-isn-t-spending	ok	839
-HtO2bhywaw	how-to-fix-high-cpc-s-on-meta-ads	ok	1995
Zz1ESghFyio	creative-planning-that-considers-finance-ecommerce	ok	3959
3b-rzMvcrSs	vetting-agencies-in-ecommerce-with-angus-cowan	ok	6873
lrzMKRnXfF4	the-truth-about-growing-your-email-list-in-ecommerce	ok	2917
eABaCbK8nxM	the-perfect-org-structure-for-ecommerce-with-angus-cowan	ok	6899
e4xxLRrIBYM	6-step-checklist-to-increase-google-ad-performance	ok	3508
T_ZmLd0zIrE	limited-by-budget-explained	ok	920
MV_9j8-W8Gc	how-we-lowered-a-brands-cpc-s-by-10x-on-meta-in-30-days	ok	2218
SKT25Fch1Oo	utm-parameters-explained	ok	1120
A7IoWOjPxe0	the-best-google-ad-structure-in-ecommerce-ft-austin-from-grow-my	ok	7857
2GoD1UY5ZQo	5-step-checklist-to-increase-meta-ad-performance-overnight	ok	4589
T_zu2RmIYak	how-to-structure-performance-max-asset-groups	ok	2256
a4pdJziyykA	here-s-exactly-how-many-creatives-you-need-to-hit-revenue-target	ok	2024
SFTpCIfBfwA	how-to-submit-only-1-product-variant-into-google-merchant-center	ok	1035
Ug8Veq3j5UE	paid-ecommerce-course-meta-google-finances-more	ok	604
nJO3nU2RHRU	how-to-structure-your-meta-ads-for-profit-free-live-webinar	ok	12613
6gdEA6GywhY	why-you-need-gross-margin-to-set-roas-targets	ok	2988
bcus40nup5E	the-state-of-ecommerce-in-australia-with-angus-cowan	ok	7662
9JruAHphxec	excluded-destination-attribute-in-google-merchant-center-next-ex	ok	595
78L91ArNkag	how-to-calculate-your-maximum-growth-rate-free-calculator	ok	3767
pF3nHWf_I0I	how-to-test-in-performance-marketing	ok	4373
i_XTqOEr2SY	what-metrics-matter-in-the-shopify-analytics-dashboard	ok	3067
4lpZUZr-rrU	why-meta-ads-is-beating-google-ads-in-2025	ok	1601
HzkUNwzC0qY	top-3-hook-strategies-to-grab-attention-on-meta-ads	ok	1263
TBzH33aCQzg	markup-vs-margin-with-an-easy-converter-calculator	ok	1292
_EwopGoM2lQ	add-to-cart-report-in-google-analytics	ok	778
FD6aHTg0fTI	shopify-markets-vs-seperate-shopify-stores-which-is-best-for-you	ok	1461
AhLMUYCPaNM	why-tax-in-shopify-is-ruining-your-reporting-measurement	ok	1427
_6Cvw1D1NPs	the-two-highest-roi-activities-for-an-ecommerce-founder	ok	4182
5zmQVNwZPFw	promotions-feed-setup-in-google-merchant-center-next	ok	1031
wz5W7V6QwyI	how-to-breakdown-an-ecommerce-p-l-as-a-marketer-part-3-advanced	ok	3959
PLWZCfGcJJY	reviews-feed-setup-in-google-merchant-center-next-using-3rd-part	ok	2091
03bc6lwPmsg	why-ecommerce-is-so-difficult-deep-dive	ok	2327
hSvpZDCwGmo	why-am-i-not-seeing-my-google-ads	ok	695
HMhr079vtRA	how-to-scale-creatives-without-fatigue-meta-ads	ok	2321
1BcyDtWoeD0	how-to-breakdown-an-ecommerce-p-l-as-a-marketer-2-intermediate	ok	5086
iq3GgkZrHQQ	how-should-you-price-shipping-rates-in-ecommerce	ok	2107
dB92yT8OTag	optimising-for-90-day-profit-contribution-free-model-sheet	ok	1650
in0BaNCejtA	supplemental-feed-setup-use	ok	2029
gpF4CjM_t_g	expert-level-breakdown-of-aov-and-how-to-improve-it	ok	4073
7HCwRIIL9mA	how-to-scale-to-8-figures-in-ecommerce-using-marketing-finance	ok	6328
c-3SP0xE7N8	why-we-prioritise-testing-statics-for-early-stage-7-figure-brand	ok	1647
AOhYjYbT-F0	how-to-create-a-high-performing-ad-on-meta	ok	1538
Pg3-JqVGfcU	10-ecommerce-predictions-for-2025	ok	1727
fM_Qrz8P4hQ	this-e-commerce-brand-was-burning-50k-per-month-here-s-how-we-sa	ok	2858
fJp-SzTbkmM	how-to-improve-attribution-at-the-ad-level-in-meta	ok	2546
1yoOd-cCKwc	shared-reviews-feed-setup-in-google-merchant-center-next	ok	1918
mXfh8hgf3aQ	how-to-set-yourself-up-for-success-in-q1-2025-ecommerce	ok	1823
7ZYC1j1z1LY	top-5-best-performing-creatives-in-november-5-template-giveaway	ok	2271
8Bs3DYRC7x8	the-impact-of-the-new-performance-max-algorithm-change	ok	1598
CVFInzOIN0A	how-to-breakdown-an-ecommerce-p-l-as-a-marketer	ok	5457
b1M04PSqtsU	the-issue-with-low-budgets-and-high-aov-s	ok	1379
qGwB14OrIxk	why-creative-volume-diversity-matters-on-meta-ads	ok	2098
xzXL9cd2hKo	here-s-why-1m-ecommerce-brands-don-t-have-product-market-fit	ok	2760
RV_NlsMM3zg	turning-a-7-figure-brand-profitable-in-30-days-real-case-study	ok	4187
GZzTUtxqt9Q	how-to-use-conversion-rate-to-plan-your-yearly-budgeting-ecommer	ok	1706
EgBx8JEpZWU	how-to-align-marketing-kpi-s-with-financial-outcomes	ok	4223
V_dRAU-UN08	here-s-what-you-should-spend-on-brand-search-google-ads	ok	2317
Q5hk4KBZHEU	the-hidden-constraint-of-creative-on-meta	ok	2460
F7ScYroLjZ4	why-you-have-to-be-daily-forecasting-in-ecommerce	ok	2302
RmA4iTgr1_E	this-shopify-metric-is-misleading-you-customer-return-rate	ok	2385
C8DDO7PrhoY	how-to-run-a-successful-ecommerce-product-giveaway	ok	1828
w1RC9Qk_MvY	how-to-scale-using-target-roas-bidding-on-google-ads	ok	2693
aLzXAgNZh40	understanding-this-concept-will-transform-your-profitability	ok	2783
GBK1Uvg2Vy0	gst-implications-on-attributed-roas-in-meta-australian-ecommerce	ok	683
9NQ0ulAFrOY	the-1-reason-why-paid-ad-agencies-fail-for-ecomm-founders	ok	1968
bWWaz0QLGMo	how-to-structure-ad-sets-on-meta-ads-for-ecommerce	ok	1335
3N4fJxG4HvE	why-cpc-s-matter-more-than-roas-on-meta-ads	ok	2303
CjYGkBIwrmM	cutting-your-ad-spend-is-not-the-solution-to-profitability	ok	2205
2EvXAZKqnC8	how-advantage-shopping-campaigns-differ-from-regular-abo-s	ok	1134
Vosa1y9-lZQ	how-you-can-trust-in-platform-roas-amer-correlation	ok	897
VC4MJHLnCsA	debating-whether-third-party-attribution-tools-are-worth-it-ft-b	ok	5943
iAw9Btk0SPw	performance-max-vs-standard-shopping-which-should-you-use	ok	2235
KnxF6sg4zCc	what-budget-should-you-set-on-a-meta-ad-campaign	ok	2140
YEliJb7qBRU	stop-focusing-on-attribution-it-doesn-t-matter	ok	2580
ZWCFbmSy7gU	how-to-identify-profit-per-product-using-google-sheets	ok	1587
6S69pLnL3kM	how-to-scale-meta-ads-from-0-in-2024	ok	2769
7if6MeJbtsg	how-geo-lift-incrementality-testing-works	ok	1932
2rc-8P5-NM8	the-three-levers-in-d2c-ecommerce	ok	2560
bQVhdJ-xBTs	how-many-milners-brands-has-doubled-sales-with-blue-sense	ok	578
u_rG-YJTkmc	how-to-improve-your-ecommerce-p-l-reporting	ok	2242
k7BTgZ0JZ0A	how-paul-carroll-has-grow-over-the-past-2-years-with-blue-sense	ok	426
cS9g31XMM4o	how-newlyfe-grew-revenue-by-50-with-blue-sense	NO_CAPTIONS	0
DVkxYLyryhI	all-roas-is-not-the-same-incremental-roas	ok	1842
7smKIam98OU	how-home-living-store-hit-their-first-100k-month-with-blue-sense	ok	783
1ShMvOH5dtY	how-granite-lane-grew-sales-by-60-with-blue-sense	ok	629
T5AjKM_VNgg	how-glamswag-grew-from-100k-to-300k-p-m-with-blue-sense	ok	560
45uUo_8Q6SM	how-hobbytech-toys-grew-their-roas-by-3-5x-with-blue-sense	ok	521
QP4qDHyLfHk	how-much-creative-you-need-to-scale-meta-ads	ok	863
hvvAlyQBcFE	what-to-focus-on-at-under-100k-p-m-in-ecommerce	ok	1422
Z-m_5roN9wA	how-to-boost-email-subscribers-through-cro	ok	627
ZM4NeU3e01c	growing-your-business-isn-t-about-cpc-or-cvr	ok	1550
y_cxGZiZs64	how-we-grew-a-brand-by-41-in-30-days	ok	943
6u5LCInlupg	when-to-use-a-3pl-for-your-ecommerce-store	ok	1582
-CDtDAPwsvA	reviews-feed-setup-in-google-merchant-center-using-a-third-party	ok	2318
mdWDkHBGkl4	how-to-double-an-ecomm-brand-doing-under-100k-p-m	ok	2970
I-cSctCMv2Q	how-to-scale-to-1m-per-month-in-ecommerce	ok	3084
oQPB07UCwzo	how-to-make-the-most-out-of-your-announcement-bar	ok	1866
7_Nn2AxhYP4	how-to-identify-improvements-in-contribution-margin	ok	4208
zFVDj92KM_U	creating-audience-segments-in-advantage-campaigns	ok	624
xCXtNlITgWI	ecommerce-growth-is-not-consistent	ok	1566
fc0-GUuj_vE	supplemental-feed-setup-in-google-merchant-center	ok	2406
tOel4fKA68M	bidding-strategies-on-google-with-caden-thompson	ok	3684
gI4G40R0OtI	the-three-phases-of-every-ecommerce-brand	ok	3315
-v5ZgmU9Fro	the-importance-of-first-order-profitability	ok	2840
x54KI88gG8M	how-to-troubleshoot-revenue-dips-in-shopify	ok	2069
Q92s38BOMC8	treating-nz-as-an-australian-state-in-ecommerce	ok	826
bgu1VrDVyZ4	how-to-check-if-you-re-spending-the-right-amount-on-opex	ok	2275
otVmd4w3NX4	using-incrementality-testing-to-scale-meta-google-ads	ok	1778
7uL8j9rmWcs	unit-economic-requirements-for-profitability	ok	2024
tqGJafLVSik	tracking-first-order-unit-economics-in-ecommerce	ok	1856
gkXA01Myk64	how-to-run-a-business-that-s-not-profitable-on-first-purchase	ok	1148
vTFgUc-id38	the-best-roadmap-to-sustainable-ecommerce-growth	ok	1196
JaVqOfgT8rc	temu-s-takeover-of-google-shopping-ads	ok	1623
0G2iPLIu1jw	how-conversion-modelling-is-skewing-your-facebook-ads	ok	1089
jchorlPUaPM	how-to-structure-advantage-shopping-campaigns-in-2024	ok	1974
WuA47REjLgk	unique-ctr-vs-link-ctr-in-meta-ads-facebook-ads	ok	1815
shaBD7Xi640	shared-reviews-feed-setup-in-google-merchant-center	ok	716
CSmxFZ1P1tk	how-scaling-digital-campaigns-differs-from-traditional-media	ok	1415
EQ5_OL1DurE	the-layers-of-machine-learning-in-google-ads	ok	1380
sF1_AmkutSw	how-we-decreased-business-customer-acquisition-cost-bcac-for-an	ok	1142
-dLH4azp1v4	enhanced-conversion-tracking-in-google-analytics-4-ga4-setup	ok	553
-VllWpZ4YmY	how-to-price-your-ecommerce-products	ok	1527
dyiQumEgKeg	how-to-fix-30-day-str-in-high-sku-dtc-brands	ok	1940
HIVG13B45f4	when-you-should-use-a-branded-shopping-campaign	ok	1262
b9-OGWfwl4Q	advantage-plus-campaigns-are-hurting-your-profitability	ok	2175
yckbr4c1j0E	reviews-feed-setup-in-google-merchant-center	ok	1034
scFnbtpez-Q	feed-rules-in-google-merchant-center-explained	ok	1479
KN2JkHx83fI	the-six-bottlenecks-in-ecommerce-growth	ok	2645
4Og419L6fxM	exclude-brand-name-from-performance-max	ok	402
9WNjJCUANKc	how-to-setup-free-shipping-threshold-in-shopify	ok	701
Ivm8FZ4WOzQ	stop-spending-on-google-search-campaigns	ok	2090
OykSPG1EiPM	promotion-feed-setup-in-google-merchant-center	ok	1193
WR-ocq1yCM4	this-is-why-you-can-t-scale-on-meta-ads	ok	1246
2d62SGizRyY	top-5-health-checks	ok	1626
1_48gfCNl3o	3-biggest-mistakes-ecommerce-brand-owners-make	ok	932
eb96dIz-t1k	discounting-using-database-marketing-for-ecommerce	ok	1131
JQWpYtHGuZ8	using-zero-party-data-to-improve-paid-ads-strategy	ok	1700
aqNyKNBNsM0	price-competitiveness-feature-in-google-merchant-center	ok	1365
Nc3iHO57sRQ	3-google-chrome-productivity-hacks	ok	603
B9j52nPyao8	mismatched-value-page-crawl-price	ok	539
PYbUXLab7MU	google-ads-enhanced-conversion-tracking-setup-on-shopify	ok	1351
nweUJXPBtlw	how-to-improve-google-shopping-campaign-performance	ok	2873
bG0QKJGMZNI	why-run-brand-search-campaigns-on-google	ok	1170
zO2wFt4xJ0Q	attribution-is-not-the-bottle-neck-in-your-business	ok	1404
_ctxsX2WM54	how-we-scaled-a-6m-au-brand-into-the-usa-profitably	ok	1646
xSm2wam3kFg	promotional-overlay-on-image-error-fix	ok	1599
nIMcByZynVo	how-to-discount-with-consideration-of-unit-economics	ok	2633
dPOMgpNiolA	how-to-scale-b2b-revenue-in-ecomm-brands	ok	2253
LumABCzxXMU	retailer-acquisition-funnel-for-ecommerce-brands	ok	1749
7g73qpa___U	invalid-gtin-error-fix	ok	973
nP3AlBPrmGw	inconsistent-value-availability-error-fix	ok	542
CD_M5l3TbCc	when-should-you-focus-on-retention-ecommerce	ok	800
pZ5YNxyrVDY	how-discounting-impacts-your-contribution-margin	ok	1850
wWbVeVPUcho	segmenting-orders-into-aov-cohorts-in-shopify	ok	1603
GuGW-wXIMY4	how-to-setup-display-retargeting-ads-for-ecommerce	ok	921
ntanyaVYELE	abandon-cart-flow-that-maximises-profit	ok	1089
PZ9Tj6q-Blw	cross-platform-conversion-tracking-on-google-facebook-ads	ok	434
N_iTIaZUeCU	the-secret-to-ranking-1-on-google-shopping	ok	1033
rzdN5R1AULk	importance-of-a-retention-strategy-for-your-p-l-ecommerce	ok	1191
A0hD-RS5JoY	how-to-kpi-measure-retention-performance-klaviyo	ok	754
kkbeHjVlZmA	what-is-zero-party-data-in-ecommerce	ok	1074
UVZO-sFlfWQ	writing-code-for-google-sheets-with-chat-gpt	ok	1333
y516L_0zYZQ	does-quality-score-matter-in-2024-google-ads	ok	1669
mBITRvhzXUY	creating-custom-metrics-in-google-ads	ok	672
8h-Zcg8gWOo	how-to-setup-url-redirects-in-shopify	ok	369
Ob_-WjdUGFM	performance-max-campaigns-are-terrible	ok	837
ShhfQAMQBXQ	ctr-s-aren-t-a-performance-metric-on-google	ok	2022
WohJBKM4KAc	branded-shopping-strategy	ok	2802
8BBy6ud6NQk	google-ads-product-spend-report-overview	ok	1003
eAo6_obEp_A	postal-code-shipping-rate-errors-in-google-merchant-center	ok	1852
i5kT7c-jZFY	reviews-feed-in-merchant-center-not-working	ok	1402
3m5e9F_kXZE	negative-keywords-explained	ok	569
2DRwfKBvHMg	what-keywords-am-i-ranking-for-in-google-ads	ok	418
7Uim5EUOwjI	how-to-optimise-a-meta-campaign-for-beginners	ok	3681
VGQ-G8IIoAU	how-to-check-google-ads-extensions-performance	ok	586
bX2cyuQwGfc	scaling-testing-framework-for-meta-ads	ok	1732
e-cFddmoNxk	what-s-a-reasonable-cpa-target-for-ecommerce	ok	1039
Y6XENW-mQNM	the-3-reasons-why-you-shouldn-t-run-tik-tok-ads	ok	1134
4h0FMMKWXPs	3-quick-changes-on-shopify-to-increase-aov	ok	2413
QLZS-WC3INs	pmax-vs-standard-shopping-case-study	ok	1880
sTtPgwryEJM	advertiser-verification-in-google-ads	ok	524
YeKLWXhSgng	proven-strategy-to-improve-ltv-for-ecommerce	ok	1887
P9-QKBA8DrI	scale-google-ads-using-zombie-products	ok	831
liYBv_ZWnh0	how-to-get-the-most-out-of-your-agency	ok	3143
jOzLMKSYaz0	check-if-your-revenue-projections-are-realistic	ok	2199
DnpYApVNu-Y	guide-to-analysing-a-cohort-analysis-in-shopify	ok	3409
0bggdpd7C4g	funnel-marketing-is-dead	ok	2147
0loeC3kQPyo	5-keys-to-running-advantage-campaigns-in-2024	ok	1628
XFi-x6DpbMU	proven-scaling-framework-for-ecommerce-brands-in-2024	ok	5800
HdepgvGM6cI	your-product-isn-t-unique-how-to-fix-it	ok	1498
dG_ZXljsxIw	how-to-download-facebook-leads-in-30-seconds	ok	273
A-6APxb1yXI	how-to-crush-q1-for-ecommerce-brands	ok	2039
dmYdBLGffZw	audience-targeting-outperforms-keyword-targeting-on-google	ok	1037
TcBsq2-BNhI	how-to-create-product-bundles-on-shopify	ok	734
RWvapVB6biU	why-you-should-never-trust-an-agencies-projection-during-the-sal	ok	1643
gmn9J3FM6LQ	segmenting-aov-cohorts-in-shopify	ok	1601
K_0gG2wtxh0	blue-sense-digital-s-founders-story	ok	3683
Ii13i5mYDrI	how-to-increase-aov-with-upsells-on-shopify	ok	1508
EN9btlsVjKw	how-to-install-a-performance-max-breakdown-sheet	ok	941
IZDJ6qlNFkE	best-method-for-adjusting-google-shopping-titles	ok	2235
08lhDlBS5e4	how-to-breakdown-warm-vs-cold-audiences-in-advantage-campaigns	ok	987
WuBLmOr668k	how-to-breakdown-shopping-campaign-data-in-google	ok	1900
9XrIVRrGnNI	cross-platform-retargeting-for-ecommerce	ok	957
2yKG0gu0SjM	best-facebook-retargeting-strategy-for-ecommerce-brands	ok	1233
S9DbkXOXfJM	why-your-shopping-ads-aren-t-getting-clicks	ok	1219
5ASpeD94SGw	how-we-scaled-ad-spend-from-5k-p-m-to-75k-p-m-in-5-months	ok	2846
5UROcHcbaS8	correct-definition-of-gross-margin-in-ecomm	ok	537
IksedldjeZ0	meta-setting-killing-performance	ok	450
KG61is5_egU	this-is-a-bad-ad	ok	279
Kd1PxN-E3I8	how-to-improve-this-ad	ok	491
7bPEVXMcdSs	this-ad-has-generated-millions	ok	391
eDWID2YvLrs	hormozi-s-meta-ad-library-what-he-s-doing	ok	542
hklmNAIXOCg	atc-in-shopify-is-wrong	ok	328
vl8HajIFW6A	everytime-you-scale-roas-drops	ok	87
3eKJUfs4g-8	good-ads-never-stopped-working	ok	158
NjBhOR5DKzw	most-ads-don-t-get-a-chance	ok	79
eSZgpq6H5ZI	if-one-ads-getting-all-the-spend	ok	358
nOz43zYa9LM	there-is-no-perfect-structure	ok	467
gNVFswtlETM	marketing-win-financial-win	ok	370
sWGPbFCz0Sg	how-to-stop-creatives-from-fatiguing	ok	495
HZgW3jv8gsE	your-ads-aren-t-performing-as-well-as-you-think	ok	111
rM_osrddZFo	creative-training-isn-t-very-good	ok	593
XSDfKMi-0m0	birthday-sales-in-ecomm	ok	349
ugumUu_3rFQ	how-does-a-geolift-work	ok	384
KxQAm_YfU9E	how-to-forecast-as-a-new-brand	ok	445
ApTOpp1eDqM	how-to-optimise-400-ads-per-month	ok	574
HeQ4OfG9cCQ	atc-in-shopify-is-wrong	ok	328
0gpYmCyKFhk	why-aov-in-shopify-is-wrong	ok	306
xudAonDELdg	real-ad-library-breakdown	ok	671
ihZKCcCXG5s	what-matters-most-in-creative	ok	58
gPf_oLtz1VE	hormozi-s-meta-ad-library-what-he-s-doing	ok	545
ZLxO5GX_NEk	brand-search-isn-t-incremental-most-of-the-time	ok	310
tHGWwAR00jw	don-t-make-this-mistake	ok	565
ese8MoBs9os	don-t-get-fooled-by-q5-messaging	ok	148
CA66wNeKHiY	this-is-wrong	ok	544
jpDU04YowRQ	how-we-saved-a-brand-from-bankruptcy	ok	177
-gazWwqM3Iw	how-meta-really-optimises-your-ads	ok	218
gjd_fvvozus	future-of-google-ads-in-2026-with-grow-my-ads	ok	251
5Za7yP5t9Pw	why-your-ads-stopped-scaling	ok	119
cRYXaWAR_kg	temple-webster-down-40-due-to-revenue-miss	ok	366
zAbXGMgMkdU	aesthetic-ads-don-t-beat-ugly-ads-metaads	ok	379
n920sd3eB1U	don-t-rush-ad-spend-increases-because	ok	649
drj1SuySWuA	99-of-people-overspend-on-meta	ok	597
qhZQs5aPa9E	andromeda-shouldn-t-be-ruining-your-account-metaads	ok	376
W0L89_UbIjs	95-of-black-friday-purchasers-were-financed	ok	225
rUMWuo_AbhQ	don-t-exclude-website-visitors-from-meta-campaigns	ok	436
IMY-yz3NMjU	ai-helps-drive-11-8b-in-bfcm-sales	ok	178
cXEbkjVwgUw	spend-more-on-creative-production-metaads-creativestrategy	ok	605
69Plnbsojew	why-images-get-prioritised-over-video-in-meta-ads-metaads-ecomme	ok	304
xn37CuFZfYo	two-most-important-metrics-in-ecommerce	ok	174
GUKWGx8m2g8	don-t-copy-brands-who-beat-your-unit-economics	ok	199
1lQD-HI-rRg	the-power-of-a-cross-sell-shopify	ok	567
CbmsRDD-xr8	pacing-spend-across-black-friday-ecommerce	ok	614
fYsw_Spcto4	how-we-achieved-record-new-customers-acquisition-with-blue-illus	ok	166
2klisbOZcxk	if-you-re-a-fashion-brand-failing-in-the-us	ok	87
17jlV345Vcw	how-to-prep-google-for-bfcm	ok	134
Ty2eznTK23Q	4-levers-that-create-an-8-figure-brand	ok	91
ex-i5iXK97w	how-to-time-your-bfcm-sale	ok	177
ei1p6BCNYsA	don-t-make-this-bfcm-mistake	ok	74
QQjB7KEtakY	don-t-test-during-bfcm-facebookads-shopify	ok	94
YKgtfl-GGBk	ads-vs-concepts-in-metaads	ok	94
oGnH2TWjlyQ	here-s-what-to-optimise-for-on-black-friday	ok	103
m8Ww_6ZwHHw	here-s-how-you-do-600m-in-ecomm	ok	177
jiVYSSKKzX0	the-3-best-meta-ad-account-structures-metaads	ok	175
EdKS_yfmGD4	here-s-why-this-fake-podcast-ad-works-metaads	ok	259
CNTCWPfMU5o	3-reasons-this-ad-has-crushed-it-metaads-creativebreakdown	ok	249
J9CsPhb4zRY	why-you-shouldn-t-turn-an-ad-off-ecommerce-metaads	ok	445
HP6gyd2wwfo	how-much-to-spend-on-existing-customers-on-metaads-shopify	ok	315
X47UN7IxLdY	1m-brands-in-ecommerce-ecommercetips-metaads-googleads	ok	502
3S5M2j3D9e4	statics-vs-videos-on-meta-ads-metaads-ecommercetips	ok	225
gb10u9h52W8	making-200-ads-in-under-2hrs-metaads-digitalmarketing	ok	364
UsMJsPFP8as	p-l-play-vs-a-balance-sheet-play-ecommercetips-facebookads	ok	387
wsWtwQF7mDs	why-high-cpc-s-on-meta-are-caused-by-conversion-rate-metaads	ok	400
ADM3HprRoKU	google-ads-bills-2x-for-10-of-your-conversions-ecommercetips-goo	ok	224
xO8bzFC2XMM	shopify-analytics-is-misleading-shopify-ecommerce	ok	107
N8pVwtbQFTw	markup-vs-margin-in-ecommerce	ok	130
XVhRQehZNuk	how-to-structure-advantage-shopping-campaigns-in-2025-ecommercet	ok	102
FVG8R8vu6fY	how-geo-lift-incrementality-testing-works-ecommercetips-marketin	ok	190
hAC0ujoVyxw	temu-s-taking-over-google-shopping-googleads-ecommercetips-shopp	ok	123
7alf-L9dZOw	understanding-metrics-for-profitability-and-growth-ecommerce-sto	ok	158
JItXc9PaFhI	data-collection-at-the-customer-support-level-ecommerce	ok	203
Oj91CQYUvAo	pricing-is-dynamic-with-cohort-demand-ecommerce-shopify	ok	221
O2JqtIImOMc	impact-of-neglecting-retention-ecommerce-klaviyo	ok	145
tE7BLO5vCpQ	lack-of-negotiation-skills-in-early-stage-ecommerce-brands-ecomm	ok	140
cgcWnI_qRs0	understand-the-agency-model-as-an-ecommerce-founder-ecommerce-me	ok	90
XUHgGzQ7asI	the-highest-roi-ad-channel-in-ecommerce-googleads-ecommerce	ok	176
HJDzPN5RbR8	image-ads-don-t-work-on-tiktok-tiktokadsstrategy-ecommerce-metaa	ok	148
xclWk_ULrtc	testing-platforms-and-allocation-of-budget-metaads-ecommerce	ok	110
Le7by_De2rE	cpa-targets-and-ad-spend-optimisation-on-google-ads-googleads-ec	ok	149
mOHdVsk8luM	reassessing-advertising-budgets-google-vs-facebook-ecommerce-met	ok	141
CgVHSpYyWS0	unleashing-the-power-of-shopping-ads-how-to-dominate-the-branded	ok	79
JxRO48nNUIs	maximising-purchase-intent-traffic-boosting-cold-campaign-perfor	ok	139
auPvbj1wIbQ	the-success-of-advertorials-on-meta-ads-in-2024-metaplatforms-au	ok	195
INekm-Vb0ho	the-importance-of-social-proofing-shopify-googleads-metaads-conv	ok	176
j2PHmMkss10	negotiating-better-pricing-with-suppliers-for-ecommerce-ecommerc	ok	184
kimjQyGURbo	choosing-the-right-ad-platforms-for-ecommerce-metaads-googleads	ok	191
yVRpF85vjrs	optimising-cro-for-mobile-traffic	ok	209
XaVNi8_W-Ok	importance-of-mer-instead-of-roas	ok	176
